timestamp,entity_type,entity_name,cpu_millicores,memory_mib
2026-09-22 09:12:39,node,fedroom-cluster-control-plane,77.0,1361.0
2026-09-22 09:12:39,node,fedroom-cluster-worker,32.0,2985.0
2026-09-22 09:12:39,node,fedroom-cluster-worker2,14.0,660.0
2026-09-22 09:12:39,pod,coordinator-64984cccbc-qwjpv,3.0,172.0
2026-09-22 09:12:39,pod,minio-669c7f68f7-czvtl,1.0,112.0
2026-09-22 09:12:39,pod,mlflow-86855856c4-qr2hp,11.0,2144.0
2026-09-22 09:12:43,node,fedroom-cluster-control-plane,77.0,1361.0
2026-09-22 09:12:43,node,fedroom-cluster-worker,32.0,2985.0
2026-09-22 09:12:43,node,fedroom-cluster-worker2,14.0,660.0
2026-09-22 09:12:43,pod,coordinator-64984cccbc-qwjpv,3.0,172.0
2026-09-22 09:12:43,pod,minio-669c7f68f7-czvtl,1.0,112.0
2026-09-22 09:12:43,pod,mlflow-86855856c4-qr2hp,11.0,2144.0
2026-09-22 09:12:46,node,fedroom-cluster-control-plane,77.0,1361.0
2026-09-22 09:12:46,node,fedroom-cluster-worker,32.0,2985.0
2026-09-22 09:12:46,node,fedroom-cluster-worker2,14.0,660.0
2026-09-22 09:12:46,pod,coordinator-64984cccbc-qwjpv,3.0,172.0
2026-09-22 09:12:46,pod,minio-669c7f68f7-czvtl,1.0,112.0
2026-09-22 09:12:46,pod,mlflow-86855856c4-qr2hp,11.0,2144.0
2026-09-22 09:12:49,node,fedroom-cluster-control-plane,77.0,1361.0
2026-09-22 09:12:49,node,fedroom-cluster-worker,32.0,2985.0
2026-09-22 09:12:49,node,fedroom-cluster-worker2,14.0,660.0
2026-09-22 09:12:49,pod,coordinator-64984cccbc-qwjpv,3.0,172.0
2026-09-22 09:12:49,pod,minio-669c7f68f7-czvtl,1.0,112.0
2026-09-22 09:12:49,pod,mlflow-86855856c4-qr2hp,11.0,2144.0
2026-09-22 09:12:52,node,fedroom-cluster-control-plane,91.0,1360.0
2026-09-22 09:12:52,node,fedroom-cluster-worker,32.0,2985.0
2026-09-22 09:12:52,node,fedroom-cluster-worker2,134.0,963.0
2026-09-22 09:12:52,pod,coordinator-64984cccbc-qwjpv,3.0,172.0
2026-09-22 09:12:52,pod,fedroom-clients-0-z8f6m,157.0,296.0
2026-09-22 09:12:52,pod,minio-669c7f68f7-czvtl,4.0,113.0
2026-09-22 09:12:52,pod,mlflow-86855856c4-qr2hp,11.0,2144.0
2026-09-22 09:12:55,node,fedroom-cluster-control-plane,91.0,1360.0
2026-09-22 09:12:55,node,fedroom-cluster-worker,32.0,2985.0
2026-09-22 09:12:55,node,fedroom-cluster-worker2,134.0,963.0
2026-09-22 09:12:55,pod,coordinator-64984cccbc-qwjpv,3.0,172.0
2026-09-22 09:12:55,pod,fedroom-clients-0-z8f6m,157.0,296.0
2026-09-22 09:12:55,pod,minio-669c7f68f7-czvtl,4.0,113.0
2026-09-22 09:12:55,pod,mlflow-86855856c4-qr2hp,11.0,2144.0
2026-09-22 09:12:58,node,fedroom-cluster-control-plane,91.0,1360.0
2026-09-22 09:12:58,node,fedroom-cluster-worker,32.0,2985.0
2026-09-22 09:12:58,node,fedroom-cluster-worker2,134.0,963.0
2026-09-22 09:12:58,pod,coordinator-64984cccbc-qwjpv,3.0,172.0
2026-09-22 09:12:58,pod,fedroom-clients-0-z8f6m,157.0,296.0
2026-09-22 09:12:58,pod,minio-669c7f68f7-czvtl,4.0,113.0
2026-09-22 09:12:58,pod,mlflow-86855856c4-qr2hp,11.0,2144.0
2026-09-22 09:13:01,node,fedroom-cluster-control-plane,91.0,1360.0
2026-09-22 09:13:01,node,fedroom-cluster-worker,32.0,2985.0
2026-09-22 09:13:01,node,fedroom-cluster-worker2,134.0,963.0
2026-09-22 09:13:01,pod,coordinator-64984cccbc-qwjpv,3.0,172.0
2026-09-22 09:13:01,pod,fedroom-clients-0-z8f6m,157.0,296.0
2026-09-22 09:13:01,pod,minio-669c7f68f7-czvtl,4.0,113.0
2026-09-22 09:13:01,pod,mlflow-86855856c4-qr2hp,11.0,2144.0
2026-09-22 09:13:04,node,fedroom-cluster-control-plane,86.0,1358.0
2026-09-22 09:13:04,node,fedroom-cluster-worker,35.0,2984.0
2026-09-22 09:13:04,node,fedroom-cluster-worker2,85.0,989.0
2026-09-22 09:13:04,pod,coordinator-64984cccbc-qwjpv,3.0,173.0
2026-09-22 09:13:04,pod,fedroom-clients-0-z8f6m,23.0,297.0
2026-09-22 09:13:04,pod,minio-669c7f68f7-czvtl,1.0,113.0
2026-09-22 09:13:04,pod,mlflow-86855856c4-qr2hp,11.0,2145.0
2026-09-22 09:13:07,node,fedroom-cluster-control-plane,86.0,1358.0
2026-09-22 09:13:07,node,fedroom-cluster-worker,35.0,2984.0
2026-09-22 09:13:07,node,fedroom-cluster-worker2,85.0,989.0
2026-09-22 09:13:07,pod,coordinator-64984cccbc-qwjpv,3.0,173.0
2026-09-22 09:13:07,pod,fedroom-clients-0-z8f6m,23.0,297.0
2026-09-22 09:13:07,pod,minio-669c7f68f7-czvtl,1.0,113.0
2026-09-22 09:13:07,pod,mlflow-86855856c4-qr2hp,11.0,2145.0
2026-09-22 09:13:10,node,fedroom-cluster-control-plane,86.0,1358.0
2026-09-22 09:13:10,node,fedroom-cluster-worker,35.0,2984.0
2026-09-22 09:13:10,node,fedroom-cluster-worker2,85.0,989.0
2026-09-22 09:13:10,pod,coordinator-64984cccbc-qwjpv,3.0,173.0
2026-09-22 09:13:10,pod,fedroom-clients-0-z8f6m,23.0,297.0
2026-09-22 09:13:10,pod,minio-669c7f68f7-czvtl,1.0,113.0
2026-09-22 09:13:10,pod,mlflow-86855856c4-qr2hp,11.0,2145.0
2026-09-22 09:13:14,node,fedroom-cluster-control-plane,86.0,1358.0
2026-09-22 09:13:14,node,fedroom-cluster-worker,35.0,2984.0
2026-09-22 09:13:14,node,fedroom-cluster-worker2,85.0,989.0
2026-09-22 09:13:14,pod,coordinator-64984cccbc-qwjpv,3.0,173.0
2026-09-22 09:13:14,pod,fedroom-clients-0-z8f6m,23.0,297.0
2026-09-22 09:13:14,pod,minio-669c7f68f7-czvtl,1.0,113.0
2026-09-22 09:13:14,pod,mlflow-86855856c4-qr2hp,11.0,2145.0
2026-09-22 09:13:17,node,fedroom-cluster-control-plane,86.0,1358.0
2026-09-22 09:13:17,node,fedroom-cluster-worker,35.0,2984.0
2026-09-22 09:13:17,node,fedroom-cluster-worker2,85.0,989.0
2026-09-22 09:13:17,pod,coordinator-64984cccbc-qwjpv,3.0,173.0
2026-09-22 09:13:17,pod,fedroom-clients-0-z8f6m,23.0,297.0
2026-09-22 09:13:17,pod,minio-669c7f68f7-czvtl,1.0,113.0
2026-09-22 09:13:17,pod,mlflow-86855856c4-qr2hp,11.0,2145.0
2026-09-22 09:13:20,node,fedroom-cluster-control-plane,82.0,1356.0
2026-09-22 09:13:20,node,fedroom-cluster-worker,42.0,2990.0
2026-09-22 09:13:20,node,fedroom-cluster-worker2,53.0,1214.0
2026-09-22 09:13:20,pod,coordinator-64984cccbc-qwjpv,9.0,179.0
2026-09-22 09:13:20,pod,fedroom-clients-0-z8f6m,86.0,544.0
2026-09-22 09:13:20,pod,minio-669c7f68f7-czvtl,1.0,115.0
2026-09-22 09:13:20,pod,mlflow-86855856c4-qr2hp,11.0,2145.0
2026-09-22 09:13:23,node,fedroom-cluster-control-plane,82.0,1356.0
2026-09-22 09:13:23,node,fedroom-cluster-worker,42.0,2990.0
2026-09-22 09:13:23,node,fedroom-cluster-worker2,53.0,1214.0
2026-09-22 09:13:23,pod,coordinator-64984cccbc-qwjpv,9.0,179.0
2026-09-22 09:13:23,pod,fedroom-clients-0-z8f6m,86.0,544.0
2026-09-22 09:13:23,pod,minio-669c7f68f7-czvtl,1.0,115.0
2026-09-22 09:13:23,pod,mlflow-86855856c4-qr2hp,11.0,2145.0
2026-09-22 09:13:26,node,fedroom-cluster-control-plane,82.0,1356.0
2026-09-22 09:13:26,node,fedroom-cluster-worker,42.0,2990.0
2026-09-22 09:13:26,node,fedroom-cluster-worker2,53.0,1214.0
2026-09-22 09:13:26,pod,coordinator-64984cccbc-qwjpv,9.0,179.0
2026-09-22 09:13:26,pod,fedroom-clients-0-z8f6m,86.0,544.0
2026-09-22 09:13:26,pod,minio-669c7f68f7-czvtl,1.0,115.0
2026-09-22 09:13:26,pod,mlflow-86855856c4-qr2hp,11.0,2145.0
2026-09-22 09:13:29,node,fedroom-cluster-control-plane,82.0,1356.0
2026-09-22 09:13:29,node,fedroom-cluster-worker,42.0,2990.0
2026-09-22 09:13:29,node,fedroom-cluster-worker2,53.0,1214.0
2026-09-22 09:13:29,pod,coordinator-64984cccbc-qwjpv,9.0,179.0
2026-09-22 09:13:29,pod,fedroom-clients-0-z8f6m,86.0,544.0
2026-09-22 09:13:29,pod,minio-669c7f68f7-czvtl,1.0,115.0
2026-09-22 09:13:29,pod,mlflow-86855856c4-qr2hp,11.0,2145.0
2026-09-22 09:13:32,node,fedroom-cluster-control-plane,82.0,1356.0
2026-09-22 09:13:32,node,fedroom-cluster-worker,42.0,2990.0
2026-09-22 09:13:32,node,fedroom-cluster-worker2,53.0,1214.0
2026-09-22 09:13:32,pod,coordinator-64984cccbc-qwjpv,9.0,179.0
2026-09-22 09:13:32,pod,fedroom-clients-0-z8f6m,86.0,544.0
2026-09-22 09:13:32,pod,minio-669c7f68f7-czvtl,1.0,115.0
2026-09-22 09:13:32,pod,mlflow-86855856c4-qr2hp,11.0,2145.0
2026-09-22 09:13:35,node,fedroom-cluster-control-plane,80.0,1357.0
2026-09-22 09:13:35,node,fedroom-cluster-worker,31.0,2990.0
2026-09-22 09:13:35,node,fedroom-cluster-worker2,17.0,1215.0
2026-09-22 09:13:35,pod,coordinator-64984cccbc-qwjpv,4.0,180.0
2026-09-22 09:13:35,pod,fedroom-clients-0-z8f6m,1.0,544.0
2026-09-22 09:13:35,pod,minio-669c7f68f7-czvtl,1.0,115.0
2026-09-22 09:13:35,pod,mlflow-86855856c4-qr2hp,11.0,2145.0
2026-09-22 09:13:38,node,fedroom-cluster-control-plane,80.0,1357.0
2026-09-22 09:13:38,node,fedroom-cluster-worker,31.0,2990.0
2026-09-22 09:13:38,node,fedroom-cluster-worker2,17.0,1215.0
2026-09-22 09:13:38,pod,coordinator-64984cccbc-qwjpv,4.0,180.0
2026-09-22 09:13:38,pod,fedroom-clients-0-z8f6m,1.0,544.0
2026-09-22 09:13:38,pod,minio-669c7f68f7-czvtl,1.0,115.0
2026-09-22 09:13:38,pod,mlflow-86855856c4-qr2hp,11.0,2145.0
2026-09-22 09:13:41,node,fedroom-cluster-control-plane,80.0,1357.0
2026-09-22 09:13:41,node,fedroom-cluster-worker,31.0,2990.0
2026-09-22 09:13:41,node,fedroom-cluster-worker2,17.0,1215.0
2026-09-22 09:13:41,pod,coordinator-64984cccbc-qwjpv,4.0,180.0
2026-09-22 09:13:41,pod,fedroom-clients-0-z8f6m,1.0,544.0
2026-09-22 09:13:41,pod,minio-669c7f68f7-czvtl,1.0,115.0
2026-09-22 09:13:41,pod,mlflow-86855856c4-qr2hp,11.0,2145.0
2026-09-22 09:13:45,node,fedroom-cluster-control-plane,80.0,1357.0
2026-09-22 09:13:45,node,fedroom-cluster-worker,31.0,2990.0
2026-09-22 09:13:45,node,fedroom-cluster-worker2,17.0,1215.0
2026-09-22 09:13:45,pod,coordinator-64984cccbc-qwjpv,4.0,180.0
2026-09-22 09:13:45,pod,minio-669c7f68f7-czvtl,1.0,115.0
2026-09-22 09:13:45,pod,mlflow-86855856c4-qr2hp,11.0,2145.0
2026-09-22 09:13:48,node,fedroom-cluster-control-plane,80.0,1357.0
2026-09-22 09:13:48,node,fedroom-cluster-worker,31.0,2990.0
2026-09-22 09:13:48,node,fedroom-cluster-worker2,17.0,1215.0
2026-09-22 09:13:48,pod,coordinator-64984cccbc-qwjpv,4.0,180.0
2026-09-22 09:13:48,pod,minio-669c7f68f7-czvtl,1.0,115.0
2026-09-22 09:13:48,pod,mlflow-86855856c4-qr2hp,11.0,2145.0
2026-09-22 09:13:51,node,fedroom-cluster-control-plane,81.0,1356.0
2026-09-22 09:13:51,node,fedroom-cluster-worker,35.0,2991.0
2026-09-22 09:13:51,node,fedroom-cluster-worker2,25.0,1218.0
2026-09-22 09:13:51,pod,coordinator-64984cccbc-qwjpv,4.0,180.0
2026-09-22 09:13:51,pod,minio-669c7f68f7-czvtl,3.0,115.0
2026-09-22 09:13:51,pod,mlflow-86855856c4-qr2hp,11.0,2145.0
2026-09-22 09:13:54,node,fedroom-cluster-control-plane,81.0,1356.0
2026-09-22 09:13:54,node,fedroom-cluster-worker,35.0,2991.0
2026-09-22 09:13:54,node,fedroom-cluster-worker2,25.0,1218.0
2026-09-22 09:13:54,pod,coordinator-64984cccbc-qwjpv,4.0,180.0
2026-09-22 09:13:54,pod,minio-669c7f68f7-czvtl,3.0,115.0
2026-09-22 09:13:54,pod,mlflow-86855856c4-qr2hp,11.0,2145.0
2026-09-22 09:13:57,node,fedroom-cluster-control-plane,81.0,1356.0
2026-09-22 09:13:57,node,fedroom-cluster-worker,35.0,2991.0
2026-09-22 09:13:57,node,fedroom-cluster-worker2,25.0,1218.0
2026-09-22 09:13:57,pod,coordinator-64984cccbc-qwjpv,4.0,180.0
2026-09-22 09:13:57,pod,minio-669c7f68f7-czvtl,3.0,115.0
2026-09-22 09:13:57,pod,mlflow-86855856c4-qr2hp,11.0,2145.0
2026-09-22 09:14:00,node,fedroom-cluster-control-plane,81.0,1356.0
2026-09-22 09:14:00,node,fedroom-cluster-worker,35.0,2991.0
2026-09-22 09:14:00,node,fedroom-cluster-worker2,25.0,1218.0
2026-09-22 09:14:00,pod,coordinator-64984cccbc-qwjpv,4.0,180.0
2026-09-22 09:14:00,pod,minio-669c7f68f7-czvtl,3.0,115.0
2026-09-22 09:14:00,pod,mlflow-86855856c4-qr2hp,11.0,2145.0
2026-09-22 09:14:03,node,fedroom-cluster-control-plane,81.0,1356.0
2026-09-22 09:14:03,node,fedroom-cluster-worker,35.0,2991.0
2026-09-22 09:14:03,node,fedroom-cluster-worker2,25.0,1218.0
2026-09-22 09:14:03,pod,coordinator-64984cccbc-qwjpv,4.0,180.0
2026-09-22 09:14:03,pod,minio-669c7f68f7-czvtl,3.0,115.0
2026-09-22 09:14:03,pod,mlflow-86855856c4-qr2hp,11.0,2145.0
2026-09-22 09:14:06,node,fedroom-cluster-control-plane,99.0,1354.0
2026-09-22 09:14:06,node,fedroom-cluster-worker,167.0,3309.0
2026-09-22 09:14:06,node,fedroom-cluster-worker2,177.0,1008.0
2026-09-22 09:14:06,pod,coordinator-64984cccbc-qwjpv,6.0,181.0
2026-09-22 09:14:06,pod,fedroom-clients-0-tpjsq,152.0,232.0
2026-09-22 09:14:06,pod,fedroom-clients-1-hvcxm,136.0,312.0
2026-09-22 09:14:06,pod,minio-669c7f68f7-czvtl,1.0,116.0
2026-09-22 09:14:06,pod,mlflow-86855856c4-qr2hp,11.0,2145.0
2026-09-22 09:14:09,node,fedroom-cluster-control-plane,99.0,1354.0
2026-09-22 09:14:09,node,fedroom-cluster-worker,167.0,3309.0
2026-09-22 09:14:09,node,fedroom-cluster-worker2,177.0,1008.0
2026-09-22 09:14:09,pod,coordinator-64984cccbc-qwjpv,6.0,181.0
2026-09-22 09:14:09,pod,fedroom-clients-0-tpjsq,152.0,232.0
2026-09-22 09:14:09,pod,fedroom-clients-1-hvcxm,136.0,312.0
2026-09-22 09:14:09,pod,minio-669c7f68f7-czvtl,1.0,116.0
2026-09-22 09:14:09,pod,mlflow-86855856c4-qr2hp,11.0,2145.0
2026-09-22 09:14:12,node,fedroom-cluster-control-plane,99.0,1354.0
2026-09-22 09:14:12,node,fedroom-cluster-worker,167.0,3309.0
2026-09-22 09:14:12,node,fedroom-cluster-worker2,177.0,1008.0
2026-09-22 09:14:12,pod,coordinator-64984cccbc-qwjpv,6.0,181.0
2026-09-22 09:14:12,pod,fedroom-clients-0-tpjsq,152.0,232.0
2026-09-22 09:14:12,pod,fedroom-clients-1-hvcxm,136.0,312.0
2026-09-22 09:14:12,pod,minio-669c7f68f7-czvtl,1.0,116.0
2026-09-22 09:14:12,pod,mlflow-86855856c4-qr2hp,11.0,2145.0
2026-09-22 09:14:16,node,fedroom-cluster-control-plane,99.0,1354.0
2026-09-22 09:14:16,node,fedroom-cluster-worker,167.0,3309.0
2026-09-22 09:14:16,node,fedroom-cluster-worker2,177.0,1008.0
2026-09-22 09:14:16,pod,coordinator-64984cccbc-qwjpv,6.0,181.0
2026-09-22 09:14:16,pod,fedroom-clients-0-tpjsq,152.0,232.0
2026-09-22 09:14:16,pod,fedroom-clients-1-hvcxm,136.0,312.0
2026-09-22 09:14:16,pod,minio-669c7f68f7-czvtl,1.0,116.0
2026-09-22 09:14:16,pod,mlflow-86855856c4-qr2hp,11.0,2145.0
2026-09-22 09:14:19,node,fedroom-cluster-control-plane,99.0,1354.0
2026-09-22 09:14:19,node,fedroom-cluster-worker,167.0,3309.0
2026-09-22 09:14:19,node,fedroom-cluster-worker2,177.0,1008.0
2026-09-22 09:14:19,pod,coordinator-64984cccbc-qwjpv,6.0,181.0
2026-09-22 09:14:19,pod,fedroom-clients-0-tpjsq,152.0,232.0
2026-09-22 09:14:19,pod,fedroom-clients-1-hvcxm,136.0,312.0
2026-09-22 09:14:19,pod,minio-669c7f68f7-czvtl,1.0,116.0
2026-09-22 09:14:19,pod,mlflow-86855856c4-qr2hp,11.0,2145.0
2026-09-22 09:14:22,node,fedroom-cluster-control-plane,87.0,1347.0
2026-09-22 09:14:22,node,fedroom-cluster-worker,72.0,3306.0
2026-09-22 09:14:22,node,fedroom-cluster-worker2,136.0,1232.0
2026-09-22 09:14:22,pod,coordinator-64984cccbc-qwjpv,3.0,181.0
2026-09-22 09:14:22,pod,fedroom-clients-0-tpjsq,48.0,239.0
2026-09-22 09:14:22,pod,fedroom-clients-1-hvcxm,136.0,312.0
2026-09-22 09:14:22,pod,minio-669c7f68f7-czvtl,1.0,119.0
2026-09-22 09:14:22,pod,mlflow-86855856c4-qr2hp,11.0,2145.0
2026-09-22 09:14:25,node,fedroom-cluster-control-plane,87.0,1347.0
2026-09-22 09:14:25,node,fedroom-cluster-worker,72.0,3306.0
2026-09-22 09:14:25,node,fedroom-cluster-worker2,136.0,1232.0
2026-09-22 09:14:25,pod,coordinator-64984cccbc-qwjpv,3.0,181.0
2026-09-22 09:14:25,pod,fedroom-clients-0-tpjsq,48.0,239.0
2026-09-22 09:14:25,pod,fedroom-clients-1-hvcxm,136.0,312.0
2026-09-22 09:14:25,pod,minio-669c7f68f7-czvtl,1.0,119.0
2026-09-22 09:14:25,pod,mlflow-86855856c4-qr2hp,11.0,2145.0
2026-09-22 09:14:28,node,fedroom-cluster-control-plane,87.0,1347.0
2026-09-22 09:14:28,node,fedroom-cluster-worker,72.0,3306.0
2026-09-22 09:14:28,node,fedroom-cluster-worker2,136.0,1232.0
2026-09-22 09:14:28,pod,coordinator-64984cccbc-qwjpv,3.0,181.0
2026-09-22 09:14:28,pod,fedroom-clients-0-tpjsq,48.0,239.0
2026-09-22 09:14:28,pod,fedroom-clients-1-hvcxm,136.0,312.0
2026-09-22 09:14:28,pod,minio-669c7f68f7-czvtl,1.0,119.0
2026-09-22 09:14:28,pod,mlflow-86855856c4-qr2hp,11.0,2145.0
2026-09-22 09:14:31,node,fedroom-cluster-control-plane,87.0,1347.0
2026-09-22 09:14:31,node,fedroom-cluster-worker,72.0,3306.0
2026-09-22 09:14:31,node,fedroom-cluster-worker2,136.0,1232.0
2026-09-22 09:14:31,pod,coordinator-64984cccbc-qwjpv,3.0,181.0
2026-09-22 09:14:31,pod,fedroom-clients-0-tpjsq,48.0,239.0
2026-09-22 09:14:31,pod,fedroom-clients-1-hvcxm,136.0,312.0
2026-09-22 09:14:31,pod,minio-669c7f68f7-czvtl,1.0,119.0
2026-09-22 09:14:31,pod,mlflow-86855856c4-qr2hp,11.0,2145.0
2026-09-22 09:14:34,node,fedroom-cluster-control-plane,82.0,1346.0
2026-09-22 09:14:34,node,fedroom-cluster-worker,91.0,3557.0
2026-09-22 09:14:34,node,fedroom-cluster-worker2,19.0,1237.0
2026-09-22 09:14:34,pod,coordinator-64984cccbc-qwjpv,7.0,181.0
2026-09-22 09:14:34,pod,fedroom-clients-0-tpjsq,41.0,426.0
2026-09-22 09:14:34,pod,fedroom-clients-1-hvcxm,63.0,559.0
2026-09-22 09:14:34,pod,minio-669c7f68f7-czvtl,1.0,119.0
2026-09-22 09:14:34,pod,mlflow-86855856c4-qr2hp,11.0,2145.0
2026-09-22 09:14:37,node,fedroom-cluster-control-plane,82.0,1346.0
2026-09-22 09:14:37,node,fedroom-cluster-worker,91.0,3557.0
2026-09-22 09:14:37,node,fedroom-cluster-worker2,19.0,1237.0
2026-09-22 09:14:37,pod,coordinator-64984cccbc-qwjpv,7.0,181.0
2026-09-22 09:14:37,pod,fedroom-clients-0-tpjsq,41.0,426.0
2026-09-22 09:14:37,pod,minio-669c7f68f7-czvtl,1.0,119.0
2026-09-22 09:14:37,pod,mlflow-86855856c4-qr2hp,11.0,2145.0
2026-09-22 09:14:40,node,fedroom-cluster-control-plane,82.0,1346.0
2026-09-22 09:14:40,node,fedroom-cluster-worker,91.0,3557.0
2026-09-22 09:14:40,node,fedroom-cluster-worker2,19.0,1237.0
2026-09-22 09:14:40,pod,coordinator-64984cccbc-qwjpv,7.0,181.0
2026-09-22 09:14:40,pod,minio-669c7f68f7-czvtl,1.0,119.0
2026-09-22 09:14:40,pod,mlflow-86855856c4-qr2hp,11.0,2145.0
2026-09-22 09:14:43,node,fedroom-cluster-control-plane,82.0,1346.0
2026-09-22 09:14:43,node,fedroom-cluster-worker,91.0,3557.0
2026-09-22 09:14:43,node,fedroom-cluster-worker2,19.0,1237.0
2026-09-22 09:14:43,pod,coordinator-64984cccbc-qwjpv,7.0,181.0
2026-09-22 09:14:43,pod,minio-669c7f68f7-czvtl,1.0,119.0
2026-09-22 09:14:43,pod,mlflow-86855856c4-qr2hp,11.0,2145.0
2026-09-22 09:14:47,node,fedroom-cluster-control-plane,82.0,1346.0
2026-09-22 09:14:47,node,fedroom-cluster-worker,91.0,3557.0
2026-09-22 09:14:47,node,fedroom-cluster-worker2,19.0,1237.0
2026-09-22 09:14:47,pod,coordinator-64984cccbc-qwjpv,7.0,181.0
2026-09-22 09:14:47,pod,minio-669c7f68f7-czvtl,1.0,119.0
2026-09-22 09:14:47,pod,mlflow-86855856c4-qr2hp,11.0,2145.0
2026-09-22 09:14:50,node,fedroom-cluster-control-plane,134.0,1347.0
2026-09-22 09:14:50,node,fedroom-cluster-worker,164.0,3182.0
2026-09-22 09:14:50,node,fedroom-cluster-worker2,95.0,846.0
2026-09-22 09:14:50,pod,coordinator-64984cccbc-qwjpv,8.0,183.0
2026-09-22 09:14:50,pod,minio-669c7f68f7-czvtl,4.0,120.0
2026-09-22 09:14:50,pod,mlflow-86855856c4-qr2hp,11.0,2145.0
2026-09-22 09:14:53,node,fedroom-cluster-control-plane,134.0,1347.0
2026-09-22 09:14:53,node,fedroom-cluster-worker,164.0,3182.0
2026-09-22 09:14:53,node,fedroom-cluster-worker2,95.0,846.0
2026-09-22 09:14:53,pod,coordinator-64984cccbc-qwjpv,8.0,183.0
2026-09-22 09:14:53,pod,minio-669c7f68f7-czvtl,4.0,120.0
2026-09-22 09:14:53,pod,mlflow-86855856c4-qr2hp,11.0,2145.0
2026-09-22 09:14:56,node,fedroom-cluster-control-plane,134.0,1347.0
2026-09-22 09:14:56,node,fedroom-cluster-worker,164.0,3182.0
2026-09-22 09:14:56,node,fedroom-cluster-worker2,95.0,846.0
2026-09-22 09:14:56,pod,coordinator-64984cccbc-qwjpv,8.0,183.0
2026-09-22 09:14:56,pod,minio-669c7f68f7-czvtl,4.0,120.0
2026-09-22 09:14:56,pod,mlflow-86855856c4-qr2hp,11.0,2145.0
2026-09-22 09:14:59,node,fedroom-cluster-control-plane,134.0,1347.0
2026-09-22 09:14:59,node,fedroom-cluster-worker,164.0,3182.0
2026-09-22 09:14:59,node,fedroom-cluster-worker2,95.0,846.0
2026-09-22 09:14:59,pod,coordinator-64984cccbc-qwjpv,8.0,183.0
2026-09-22 09:14:59,pod,minio-669c7f68f7-czvtl,4.0,120.0
2026-09-22 09:14:59,pod,mlflow-86855856c4-qr2hp,11.0,2145.0
2026-09-22 09:15:02,node,fedroom-cluster-control-plane,134.0,1347.0
2026-09-22 09:15:02,node,fedroom-cluster-worker,164.0,3182.0
2026-09-22 09:15:02,node,fedroom-cluster-worker2,95.0,846.0
2026-09-22 09:15:02,pod,coordinator-64984cccbc-qwjpv,8.0,183.0
2026-09-22 09:15:02,pod,minio-669c7f68f7-czvtl,4.0,120.0
2026-09-22 09:15:02,pod,mlflow-86855856c4-qr2hp,11.0,2145.0
2026-09-22 09:15:05,node,fedroom-cluster-control-plane,85.0,1347.0
2026-09-22 09:15:05,node,fedroom-cluster-worker,286.0,3552.0
2026-09-22 09:15:05,node,fedroom-cluster-worker2,281.0,1225.0
2026-09-22 09:15:05,pod,coordinator-64984cccbc-qwjpv,5.0,183.0
2026-09-22 09:15:05,pod,fedroom-clients-0-ggn2c,167.0,201.0
2026-09-22 09:15:05,pod,fedroom-clients-1-4qbzv,187.0,200.0
2026-09-22 09:15:05,pod,fedroom-clients-2-qd269,11.0,203.0
2026-09-22 09:15:05,pod,fedroom-clients-3-rvcfd,15.0,201.0
2026-09-22 09:15:05,pod,minio-669c7f68f7-czvtl,4.0,120.0
2026-09-22 09:15:05,pod,mlflow-86855856c4-qr2hp,11.0,2145.0
2026-09-22 09:15:08,node,fedroom-cluster-control-plane,85.0,1347.0
2026-09-22 09:15:08,node,fedroom-cluster-worker,286.0,3552.0
2026-09-22 09:15:08,node,fedroom-cluster-worker2,281.0,1225.0
2026-09-22 09:15:08,pod,coordinator-64984cccbc-qwjpv,5.0,183.0
2026-09-22 09:15:08,pod,fedroom-clients-0-ggn2c,167.0,201.0
2026-09-22 09:15:08,pod,fedroom-clients-1-4qbzv,187.0,200.0
2026-09-22 09:15:08,pod,fedroom-clients-2-qd269,11.0,203.0
2026-09-22 09:15:08,pod,fedroom-clients-3-rvcfd,15.0,201.0
2026-09-22 09:15:08,pod,minio-669c7f68f7-czvtl,4.0,120.0
2026-09-22 09:15:08,pod,mlflow-86855856c4-qr2hp,11.0,2145.0
2026-09-22 09:15:11,node,fedroom-cluster-control-plane,85.0,1347.0
2026-09-22 09:15:11,node,fedroom-cluster-worker,286.0,3552.0
2026-09-22 09:15:11,node,fedroom-cluster-worker2,281.0,1225.0
2026-09-22 09:15:11,pod,coordinator-64984cccbc-qwjpv,5.0,183.0
2026-09-22 09:15:11,pod,fedroom-clients-0-ggn2c,167.0,201.0
2026-09-22 09:15:11,pod,fedroom-clients-1-4qbzv,187.0,200.0
2026-09-22 09:15:11,pod,fedroom-clients-2-qd269,11.0,203.0
2026-09-22 09:15:11,pod,fedroom-clients-3-rvcfd,15.0,201.0
2026-09-22 09:15:11,pod,minio-669c7f68f7-czvtl,4.0,120.0
2026-09-22 09:15:11,pod,mlflow-86855856c4-qr2hp,11.0,2145.0
2026-09-22 09:15:14,node,fedroom-cluster-control-plane,85.0,1347.0
2026-09-22 09:15:14,node,fedroom-cluster-worker,286.0,3552.0
2026-09-22 09:15:14,node,fedroom-cluster-worker2,281.0,1225.0
2026-09-22 09:15:14,pod,coordinator-64984cccbc-qwjpv,5.0,183.0
2026-09-22 09:15:14,pod,fedroom-clients-0-ggn2c,167.0,201.0
2026-09-22 09:15:14,pod,fedroom-clients-1-4qbzv,187.0,200.0
2026-09-22 09:15:14,pod,fedroom-clients-2-qd269,11.0,203.0
2026-09-22 09:15:14,pod,fedroom-clients-3-rvcfd,15.0,201.0
2026-09-22 09:15:14,pod,minio-669c7f68f7-czvtl,4.0,120.0
2026-09-22 09:15:14,pod,mlflow-86855856c4-qr2hp,11.0,2145.0
2026-09-22 09:15:18,node,fedroom-cluster-control-plane,85.0,1347.0
2026-09-22 09:15:18,node,fedroom-cluster-worker,286.0,3552.0
2026-09-22 09:15:18,node,fedroom-cluster-worker2,281.0,1225.0
2026-09-22 09:15:18,pod,coordinator-64984cccbc-qwjpv,5.0,183.0
2026-09-22 09:15:18,pod,fedroom-clients-0-ggn2c,167.0,201.0
2026-09-22 09:15:18,pod,fedroom-clients-1-4qbzv,187.0,200.0
2026-09-22 09:15:18,pod,fedroom-clients-2-qd269,11.0,203.0
2026-09-22 09:15:18,pod,fedroom-clients-3-rvcfd,15.0,201.0
2026-09-22 09:15:18,pod,minio-669c7f68f7-czvtl,4.0,120.0
2026-09-22 09:15:18,pod,mlflow-86855856c4-qr2hp,11.0,2145.0
2026-09-22 09:15:21,node,fedroom-cluster-control-plane,82.0,1347.0
2026-09-22 09:15:21,node,fedroom-cluster-worker,59.0,3554.0
2026-09-22 09:15:21,node,fedroom-cluster-worker2,55.0,1226.0
2026-09-22 09:15:21,pod,coordinator-64984cccbc-qwjpv,3.0,183.0
2026-09-22 09:15:21,pod,fedroom-clients-0-ggn2c,9.0,201.0
2026-09-22 09:15:21,pod,fedroom-clients-1-4qbzv,14.0,200.0
2026-09-22 09:15:21,pod,fedroom-clients-2-qd269,10.0,203.0
2026-09-22 09:15:21,pod,fedroom-clients-3-rvcfd,10.0,202.0
2026-09-22 09:15:21,pod,minio-669c7f68f7-czvtl,1.0,120.0
2026-09-22 09:15:21,pod,mlflow-86855856c4-qr2hp,11.0,2145.0
2026-09-22 09:15:24,node,fedroom-cluster-control-plane,82.0,1347.0
2026-09-22 09:15:24,node,fedroom-cluster-worker,59.0,3554.0
2026-09-22 09:15:24,node,fedroom-cluster-worker2,55.0,1226.0
2026-09-22 09:15:24,pod,coordinator-64984cccbc-qwjpv,3.0,183.0
2026-09-22 09:15:24,pod,fedroom-clients-0-ggn2c,9.0,201.0
2026-09-22 09:15:24,pod,fedroom-clients-1-4qbzv,14.0,200.0
2026-09-22 09:15:24,pod,fedroom-clients-2-qd269,10.0,203.0
2026-09-22 09:15:24,pod,fedroom-clients-3-rvcfd,10.0,202.0
2026-09-22 09:15:24,pod,minio-669c7f68f7-czvtl,1.0,120.0
2026-09-22 09:15:24,pod,mlflow-86855856c4-qr2hp,11.0,2145.0
2026-09-22 09:15:27,node,fedroom-cluster-control-plane,82.0,1347.0
2026-09-22 09:15:27,node,fedroom-cluster-worker,59.0,3554.0
2026-09-22 09:15:27,node,fedroom-cluster-worker2,55.0,1226.0
2026-09-22 09:15:27,pod,coordinator-64984cccbc-qwjpv,3.0,183.0
2026-09-22 09:15:27,pod,fedroom-clients-0-ggn2c,9.0,201.0
2026-09-22 09:15:27,pod,fedroom-clients-1-4qbzv,14.0,200.0
2026-09-22 09:15:27,pod,fedroom-clients-2-qd269,10.0,203.0
2026-09-22 09:15:27,pod,fedroom-clients-3-rvcfd,10.0,202.0
2026-09-22 09:15:27,pod,minio-669c7f68f7-czvtl,1.0,120.0
2026-09-22 09:15:27,pod,mlflow-86855856c4-qr2hp,11.0,2145.0
2026-09-22 09:15:30,node,fedroom-cluster-control-plane,82.0,1347.0
2026-09-22 09:15:30,node,fedroom-cluster-worker,59.0,3554.0
2026-09-22 09:15:30,node,fedroom-cluster-worker2,55.0,1226.0
2026-09-22 09:15:30,pod,coordinator-64984cccbc-qwjpv,3.0,183.0
2026-09-22 09:15:30,pod,fedroom-clients-0-ggn2c,9.0,201.0
2026-09-22 09:15:30,pod,fedroom-clients-1-4qbzv,14.0,200.0
2026-09-22 09:15:30,pod,fedroom-clients-2-qd269,10.0,203.0
2026-09-22 09:15:30,pod,fedroom-clients-3-rvcfd,10.0,202.0
2026-09-22 09:15:30,pod,minio-669c7f68f7-czvtl,1.0,120.0
2026-09-22 09:15:30,pod,mlflow-86855856c4-qr2hp,11.0,2145.0
2026-09-22 09:15:33,node,fedroom-cluster-control-plane,82.0,1347.0
2026-09-22 09:15:33,node,fedroom-cluster-worker,59.0,3554.0
2026-09-22 09:15:33,node,fedroom-cluster-worker2,55.0,1226.0
2026-09-22 09:15:33,pod,coordinator-64984cccbc-qwjpv,3.0,183.0
2026-09-22 09:15:33,pod,fedroom-clients-0-ggn2c,9.0,201.0
2026-09-22 09:15:33,pod,fedroom-clients-1-4qbzv,14.0,200.0
2026-09-22 09:15:33,pod,fedroom-clients-2-qd269,10.0,203.0
2026-09-22 09:15:33,pod,fedroom-clients-3-rvcfd,10.0,202.0
2026-09-22 09:15:33,pod,minio-669c7f68f7-czvtl,1.0,120.0
2026-09-22 09:15:33,pod,mlflow-86855856c4-qr2hp,11.0,2145.0
2026-09-22 09:15:36,node,fedroom-cluster-control-plane,85.0,1344.0
2026-09-22 09:15:36,node,fedroom-cluster-worker,155.0,3999.0
2026-09-22 09:15:36,node,fedroom-cluster-worker2,106.0,1469.0
2026-09-22 09:15:36,pod,coordinator-64984cccbc-qwjpv,4.0,183.0
2026-09-22 09:15:36,pod,fedroom-clients-0-ggn2c,10.0,202.0
2026-09-22 09:15:36,pod,fedroom-clients-1-4qbzv,46.0,421.0
2026-09-22 09:15:36,pod,fedroom-clients-2-qd269,43.0,230.0
2026-09-22 09:15:36,pod,fedroom-clients-3-rvcfd,79.0,424.0
2026-09-22 09:15:36,pod,minio-669c7f68f7-czvtl,1.0,122.0
2026-09-22 09:15:36,pod,mlflow-86855856c4-qr2hp,11.0,2145.0
2026-09-22 09:15:39,node,fedroom-cluster-control-plane,85.0,1344.0
2026-09-22 09:15:39,node,fedroom-cluster-worker,155.0,3999.0
2026-09-22 09:15:39,node,fedroom-cluster-worker2,106.0,1469.0
2026-09-22 09:15:39,pod,coordinator-64984cccbc-qwjpv,4.0,183.0
2026-09-22 09:15:39,pod,fedroom-clients-0-ggn2c,10.0,202.0
2026-09-22 09:15:39,pod,fedroom-clients-1-4qbzv,46.0,421.0
2026-09-22 09:15:39,pod,fedroom-clients-2-qd269,43.0,230.0
2026-09-22 09:15:39,pod,fedroom-clients-3-rvcfd,79.0,424.0
2026-09-22 09:15:39,pod,minio-669c7f68f7-czvtl,1.0,122.0
2026-09-22 09:15:39,pod,mlflow-86855856c4-qr2hp,11.0,2145.0
2026-09-22 09:15:42,node,fedroom-cluster-control-plane,85.0,1344.0
2026-09-22 09:15:42,node,fedroom-cluster-worker,155.0,3999.0
2026-09-22 09:15:42,node,fedroom-cluster-worker2,106.0,1469.0
2026-09-22 09:15:42,pod,coordinator-64984cccbc-qwjpv,4.0,183.0
2026-09-22 09:15:42,pod,fedroom-clients-0-ggn2c,10.0,202.0
2026-09-22 09:15:42,pod,fedroom-clients-1-4qbzv,46.0,421.0
2026-09-22 09:15:42,pod,fedroom-clients-2-qd269,43.0,230.0
2026-09-22 09:15:42,pod,fedroom-clients-3-rvcfd,79.0,424.0
2026-09-22 09:15:42,pod,minio-669c7f68f7-czvtl,1.0,122.0
2026-09-22 09:15:42,pod,mlflow-86855856c4-qr2hp,11.0,2145.0
2026-09-22 09:15:45,node,fedroom-cluster-control-plane,85.0,1344.0
2026-09-22 09:15:45,node,fedroom-cluster-worker,155.0,3999.0
2026-09-22 09:15:45,node,fedroom-cluster-worker2,106.0,1469.0
2026-09-22 09:15:45,pod,coordinator-64984cccbc-qwjpv,4.0,183.0
2026-09-22 09:15:45,pod,fedroom-clients-0-ggn2c,10.0,202.0
2026-09-22 09:15:45,pod,fedroom-clients-1-4qbzv,46.0,421.0
2026-09-22 09:15:45,pod,fedroom-clients-2-qd269,43.0,230.0
2026-09-22 09:15:45,pod,fedroom-clients-3-rvcfd,79.0,424.0
2026-09-22 09:15:45,pod,minio-669c7f68f7-czvtl,1.0,122.0
2026-09-22 09:15:45,pod,mlflow-86855856c4-qr2hp,11.0,2145.0
2026-09-22 09:15:49,node,fedroom-cluster-control-plane,85.0,1344.0
2026-09-22 09:15:49,node,fedroom-cluster-worker,155.0,3999.0
2026-09-22 09:15:49,node,fedroom-cluster-worker2,106.0,1469.0
2026-09-22 09:15:49,pod,coordinator-64984cccbc-qwjpv,4.0,183.0
2026-09-22 09:15:49,pod,fedroom-clients-0-ggn2c,10.0,202.0
2026-09-22 09:15:49,pod,fedroom-clients-1-4qbzv,46.0,421.0
2026-09-22 09:15:49,pod,fedroom-clients-2-qd269,43.0,230.0
2026-09-22 09:15:49,pod,fedroom-clients-3-rvcfd,79.0,424.0
2026-09-22 09:15:49,pod,minio-669c7f68f7-czvtl,1.0,122.0
2026-09-22 09:15:49,pod,mlflow-86855856c4-qr2hp,11.0,2145.0
2026-09-22 09:15:52,node,fedroom-cluster-control-plane,87.0,1341.0
2026-09-22 09:15:52,node,fedroom-cluster-worker,41.0,3999.0
2026-09-22 09:15:52,node,fedroom-cluster-worker2,91.0,1662.0
2026-09-22 09:15:52,pod,coordinator-64984cccbc-qwjpv,7.0,183.0
2026-09-22 09:15:52,pod,fedroom-clients-0-ggn2c,94.0,424.0
2026-09-22 09:15:52,pod,fedroom-clients-1-4qbzv,46.0,421.0
2026-09-22 09:15:52,pod,fedroom-clients-2-qd269,39.0,425.0
2026-09-22 09:15:52,pod,fedroom-clients-3-rvcfd,5.0,427.0
2026-09-22 09:15:52,pod,minio-669c7f68f7-czvtl,3.0,122.0
2026-09-22 09:15:52,pod,mlflow-86855856c4-qr2hp,11.0,2145.0
2026-09-22 09:15:55,node,fedroom-cluster-control-plane,87.0,1341.0
2026-09-22 09:15:55,node,fedroom-cluster-worker,41.0,3999.0
2026-09-22 09:15:55,node,fedroom-cluster-worker2,91.0,1662.0
2026-09-22 09:15:55,pod,coordinator-64984cccbc-qwjpv,7.0,183.0
2026-09-22 09:15:55,pod,fedroom-clients-0-ggn2c,94.0,424.0
2026-09-22 09:15:55,pod,fedroom-clients-1-4qbzv,46.0,421.0
2026-09-22 09:15:55,pod,fedroom-clients-3-rvcfd,5.0,427.0
2026-09-22 09:15:55,pod,minio-669c7f68f7-czvtl,3.0,122.0
2026-09-22 09:15:55,pod,mlflow-86855856c4-qr2hp,11.0,2145.0
2026-09-22 09:15:58,node,fedroom-cluster-control-plane,87.0,1341.0
2026-09-22 09:15:58,node,fedroom-cluster-worker,41.0,3999.0
2026-09-22 09:15:58,node,fedroom-cluster-worker2,91.0,1662.0
2026-09-22 09:15:58,pod,coordinator-64984cccbc-qwjpv,7.0,183.0
2026-09-22 09:15:58,pod,minio-669c7f68f7-czvtl,3.0,122.0
2026-09-22 09:15:58,pod,mlflow-86855856c4-qr2hp,11.0,2145.0
2026-09-22 09:16:01,node,fedroom-cluster-control-plane,87.0,1341.0
2026-09-22 09:16:01,node,fedroom-cluster-worker,41.0,3999.0
2026-09-22 09:16:01,node,fedroom-cluster-worker2,91.0,1662.0
2026-09-22 09:16:01,pod,coordinator-64984cccbc-qwjpv,7.0,183.0
2026-09-22 09:16:01,pod,minio-669c7f68f7-czvtl,3.0,122.0
2026-09-22 09:16:01,pod,mlflow-86855856c4-qr2hp,11.0,2145.0
2026-09-22 09:16:04,node,fedroom-cluster-control-plane,127.0,1341.0
2026-09-22 09:16:04,node,fedroom-cluster-worker,258.0,3335.0
2026-09-22 09:16:04,node,fedroom-cluster-worker2,228.0,996.0
2026-09-22 09:16:04,pod,coordinator-64984cccbc-qwjpv,9.0,184.0
2026-09-22 09:16:04,pod,minio-669c7f68f7-czvtl,1.0,122.0
2026-09-22 09:16:04,pod,mlflow-86855856c4-qr2hp,11.0,2145.0
2026-09-22 09:16:07,node,fedroom-cluster-control-plane,127.0,1341.0
2026-09-22 09:16:07,node,fedroom-cluster-worker,258.0,3335.0
2026-09-22 09:16:07,node,fedroom-cluster-worker2,228.0,996.0
2026-09-22 09:16:07,pod,coordinator-64984cccbc-qwjpv,9.0,184.0
2026-09-22 09:16:07,pod,minio-669c7f68f7-czvtl,1.0,122.0
2026-09-22 09:16:07,pod,mlflow-86855856c4-qr2hp,11.0,2145.0
2026-09-22 09:16:10,node,fedroom-cluster-control-plane,127.0,1341.0
2026-09-22 09:16:10,node,fedroom-cluster-worker,258.0,3335.0
2026-09-22 09:16:10,node,fedroom-cluster-worker2,228.0,996.0
2026-09-22 09:16:10,pod,coordinator-64984cccbc-qwjpv,9.0,184.0
2026-09-22 09:16:10,pod,minio-669c7f68f7-czvtl,1.0,122.0
2026-09-22 09:16:10,pod,mlflow-86855856c4-qr2hp,11.0,2145.0
2026-09-22 09:16:13,node,fedroom-cluster-control-plane,127.0,1341.0
2026-09-22 09:16:13,node,fedroom-cluster-worker,258.0,3335.0
2026-09-22 09:16:13,node,fedroom-cluster-worker2,228.0,996.0
2026-09-22 09:16:13,pod,coordinator-64984cccbc-qwjpv,9.0,184.0
2026-09-22 09:16:13,pod,minio-669c7f68f7-czvtl,1.0,122.0
2026-09-22 09:16:13,pod,mlflow-86855856c4-qr2hp,11.0,2145.0
2026-09-22 09:16:17,node,fedroom-cluster-control-plane,127.0,1341.0
2026-09-22 09:16:17,node,fedroom-cluster-worker,258.0,3335.0
2026-09-22 09:16:17,node,fedroom-cluster-worker2,228.0,996.0
2026-09-22 09:16:17,pod,coordinator-64984cccbc-qwjpv,9.0,184.0
2026-09-22 09:16:17,pod,minio-669c7f68f7-czvtl,1.0,122.0
2026-09-22 09:16:17,pod,mlflow-86855856c4-qr2hp,11.0,2145.0
2026-09-22 09:16:20,node,fedroom-cluster-control-plane,85.0,1341.0
2026-09-22 09:16:20,node,fedroom-cluster-worker,45.0,3337.0
2026-09-22 09:16:20,node,fedroom-cluster-worker2,20.0,999.0
2026-09-22 09:16:20,pod,coordinator-64984cccbc-qwjpv,11.0,184.0
2026-09-22 09:16:20,pod,fedroom-clients-0-nkh5d,31.0,28.0
2026-09-22 09:16:20,pod,fedroom-clients-1-xzfhn,33.0,25.0
2026-09-22 09:16:20,pod,fedroom-clients-2-dhz6c,34.0,28.0
2026-09-22 09:16:20,pod,fedroom-clients-3-754dh,175.0,200.0
2026-09-22 09:16:20,pod,fedroom-clients-4-x7vdz,139.0,134.0
2026-09-22 09:16:20,pod,fedroom-clients-5-l8nmp,63.0,92.0
2026-09-22 09:16:20,pod,fedroom-clients-6-np4hq,91.0,113.0
2026-09-22 09:16:20,pod,fedroom-clients-7-pm6sr,31.0,25.0
2026-09-22 09:16:20,pod,minio-669c7f68f7-czvtl,1.0,122.0
2026-09-22 09:16:20,pod,mlflow-86855856c4-qr2hp,12.0,2145.0
2026-09-22 09:16:23,node,fedroom-cluster-control-plane,85.0,1341.0
2026-09-22 09:16:23,node,fedroom-cluster-worker,45.0,3337.0
2026-09-22 09:16:23,node,fedroom-cluster-worker2,20.0,999.0
2026-09-22 09:16:23,pod,coordinator-64984cccbc-qwjpv,11.0,184.0
2026-09-22 09:16:23,pod,fedroom-clients-0-nkh5d,31.0,28.0
2026-09-22 09:16:23,pod,fedroom-clients-1-xzfhn,33.0,25.0
2026-09-22 09:16:23,pod,fedroom-clients-2-dhz6c,34.0,28.0
2026-09-22 09:16:23,pod,fedroom-clients-3-754dh,175.0,200.0
2026-09-22 09:16:23,pod,fedroom-clients-4-x7vdz,139.0,134.0
2026-09-22 09:16:23,pod,fedroom-clients-5-l8nmp,63.0,92.0
2026-09-22 09:16:23,pod,fedroom-clients-6-np4hq,91.0,113.0
2026-09-22 09:16:23,pod,fedroom-clients-7-pm6sr,31.0,25.0
2026-09-22 09:16:23,pod,minio-669c7f68f7-czvtl,1.0,122.0
2026-09-22 09:16:23,pod,mlflow-86855856c4-qr2hp,12.0,2145.0
2026-09-22 09:16:26,node,fedroom-cluster-control-plane,85.0,1341.0
2026-09-22 09:16:26,node,fedroom-cluster-worker,45.0,3337.0
2026-09-22 09:16:26,node,fedroom-cluster-worker2,20.0,999.0
2026-09-22 09:16:26,pod,coordinator-64984cccbc-qwjpv,11.0,184.0
2026-09-22 09:16:26,pod,fedroom-clients-0-nkh5d,31.0,28.0
2026-09-22 09:16:26,pod,fedroom-clients-1-xzfhn,33.0,25.0
2026-09-22 09:16:26,pod,fedroom-clients-2-dhz6c,34.0,28.0
2026-09-22 09:16:26,pod,fedroom-clients-3-754dh,175.0,200.0
2026-09-22 09:16:26,pod,fedroom-clients-4-x7vdz,139.0,134.0
2026-09-22 09:16:26,pod,fedroom-clients-5-l8nmp,63.0,92.0
2026-09-22 09:16:26,pod,fedroom-clients-6-np4hq,91.0,113.0
2026-09-22 09:16:26,pod,fedroom-clients-7-pm6sr,31.0,25.0
2026-09-22 09:16:26,pod,minio-669c7f68f7-czvtl,1.0,122.0
2026-09-22 09:16:26,pod,mlflow-86855856c4-qr2hp,12.0,2145.0
2026-09-22 09:16:29,node,fedroom-cluster-control-plane,85.0,1341.0
2026-09-22 09:16:29,node,fedroom-cluster-worker,45.0,3337.0
2026-09-22 09:16:29,node,fedroom-cluster-worker2,20.0,999.0
2026-09-22 09:16:29,pod,coordinator-64984cccbc-qwjpv,11.0,184.0
2026-09-22 09:16:29,pod,fedroom-clients-0-nkh5d,31.0,28.0
2026-09-22 09:16:29,pod,fedroom-clients-1-xzfhn,33.0,25.0
2026-09-22 09:16:29,pod,fedroom-clients-2-dhz6c,34.0,28.0
2026-09-22 09:16:29,pod,fedroom-clients-3-754dh,175.0,200.0
2026-09-22 09:16:29,pod,fedroom-clients-4-x7vdz,139.0,134.0
2026-09-22 09:16:29,pod,fedroom-clients-5-l8nmp,63.0,92.0
2026-09-22 09:16:29,pod,fedroom-clients-6-np4hq,91.0,113.0
2026-09-22 09:16:29,pod,fedroom-clients-7-pm6sr,31.0,25.0
2026-09-22 09:16:29,pod,minio-669c7f68f7-czvtl,1.0,122.0
2026-09-22 09:16:29,pod,mlflow-86855856c4-qr2hp,12.0,2145.0
2026-09-22 09:16:32,node,fedroom-cluster-control-plane,85.0,1341.0
2026-09-22 09:16:32,node,fedroom-cluster-worker,45.0,3337.0
2026-09-22 09:16:32,node,fedroom-cluster-worker2,20.0,999.0
2026-09-22 09:16:32,pod,coordinator-64984cccbc-qwjpv,11.0,184.0
2026-09-22 09:16:32,pod,fedroom-clients-0-nkh5d,31.0,28.0
2026-09-22 09:16:32,pod,fedroom-clients-1-xzfhn,33.0,25.0
2026-09-22 09:16:32,pod,fedroom-clients-2-dhz6c,34.0,28.0
2026-09-22 09:16:32,pod,fedroom-clients-3-754dh,175.0,200.0
2026-09-22 09:16:32,pod,fedroom-clients-4-x7vdz,139.0,134.0
2026-09-22 09:16:32,pod,fedroom-clients-5-l8nmp,63.0,92.0
2026-09-22 09:16:32,pod,fedroom-clients-6-np4hq,91.0,113.0
2026-09-22 09:16:32,pod,fedroom-clients-7-pm6sr,31.0,25.0
2026-09-22 09:16:32,pod,minio-669c7f68f7-czvtl,1.0,122.0
2026-09-22 09:16:32,pod,mlflow-86855856c4-qr2hp,12.0,2145.0
2026-09-22 09:16:35,node,fedroom-cluster-control-plane,86.0,1343.0
2026-09-22 09:16:35,node,fedroom-cluster-worker,535.0,4034.0
2026-09-22 09:16:35,node,fedroom-cluster-worker2,517.0,1699.0
2026-09-22 09:16:35,pod,coordinator-64984cccbc-qwjpv,5.0,184.0
2026-09-22 09:16:35,pod,fedroom-clients-0-nkh5d,169.0,203.0
2026-09-22 09:16:35,pod,fedroom-clients-1-xzfhn,107.0,200.0
2026-09-22 09:16:35,pod,fedroom-clients-2-dhz6c,214.0,203.0
2026-09-22 09:16:35,pod,fedroom-clients-3-754dh,175.0,200.0
2026-09-22 09:16:35,pod,fedroom-clients-4-x7vdz,92.0,199.0
2026-09-22 09:16:35,pod,fedroom-clients-5-l8nmp,120.0,200.0
2026-09-22 09:16:35,pod,fedroom-clients-6-np4hq,94.0,199.0
2026-09-22 09:16:35,pod,fedroom-clients-7-pm6sr,151.0,199.0
2026-09-22 09:16:35,pod,minio-669c7f68f7-czvtl,1.0,122.0
2026-09-22 09:16:35,pod,mlflow-86855856c4-qr2hp,11.0,2145.0
2026-09-22 09:16:38,node,fedroom-cluster-control-plane,86.0,1343.0
2026-09-22 09:16:38,node,fedroom-cluster-worker,535.0,4034.0
2026-09-22 09:16:38,node,fedroom-cluster-worker2,517.0,1699.0
2026-09-22 09:16:38,pod,coordinator-64984cccbc-qwjpv,5.0,184.0
2026-09-22 09:16:38,pod,fedroom-clients-0-nkh5d,169.0,203.0
2026-09-22 09:16:38,pod,fedroom-clients-1-xzfhn,107.0,200.0
2026-09-22 09:16:38,pod,fedroom-clients-2-dhz6c,214.0,203.0
2026-09-22 09:16:38,pod,fedroom-clients-3-754dh,175.0,200.0
2026-09-22 09:16:38,pod,fedroom-clients-4-x7vdz,92.0,199.0
2026-09-22 09:16:38,pod,fedroom-clients-5-l8nmp,120.0,200.0
2026-09-22 09:16:38,pod,fedroom-clients-6-np4hq,94.0,199.0
2026-09-22 09:16:38,pod,fedroom-clients-7-pm6sr,151.0,199.0
2026-09-22 09:16:38,pod,minio-669c7f68f7-czvtl,1.0,122.0
2026-09-22 09:16:38,pod,mlflow-86855856c4-qr2hp,11.0,2145.0
2026-09-22 09:16:41,node,fedroom-cluster-control-plane,86.0,1343.0
2026-09-22 09:16:41,node,fedroom-cluster-worker,535.0,4034.0
2026-09-22 09:16:41,node,fedroom-cluster-worker2,517.0,1699.0
2026-09-22 09:16:41,pod,coordinator-64984cccbc-qwjpv,5.0,184.0
2026-09-22 09:16:41,pod,fedroom-clients-0-nkh5d,169.0,203.0
2026-09-22 09:16:41,pod,fedroom-clients-1-xzfhn,107.0,200.0
2026-09-22 09:16:41,pod,fedroom-clients-2-dhz6c,214.0,203.0
2026-09-22 09:16:41,pod,fedroom-clients-3-754dh,175.0,200.0
2026-09-22 09:16:41,pod,fedroom-clients-4-x7vdz,92.0,199.0
2026-09-22 09:16:41,pod,fedroom-clients-5-l8nmp,120.0,200.0
2026-09-22 09:16:41,pod,fedroom-clients-6-np4hq,94.0,199.0
2026-09-22 09:16:41,pod,fedroom-clients-7-pm6sr,151.0,199.0
2026-09-22 09:16:41,pod,minio-669c7f68f7-czvtl,1.0,122.0
2026-09-22 09:16:41,pod,mlflow-86855856c4-qr2hp,11.0,2145.0
2026-09-22 09:16:45,node,fedroom-cluster-control-plane,86.0,1343.0
2026-09-22 09:16:45,node,fedroom-cluster-worker,535.0,4034.0
2026-09-22 09:16:45,node,fedroom-cluster-worker2,517.0,1699.0
2026-09-22 09:16:45,pod,coordinator-64984cccbc-qwjpv,5.0,184.0
2026-09-22 09:16:45,pod,fedroom-clients-0-nkh5d,169.0,203.0
2026-09-22 09:16:45,pod,fedroom-clients-1-xzfhn,107.0,200.0
2026-09-22 09:16:45,pod,fedroom-clients-2-dhz6c,214.0,203.0
2026-09-22 09:16:45,pod,fedroom-clients-3-754dh,175.0,200.0
2026-09-22 09:16:45,pod,fedroom-clients-4-x7vdz,92.0,199.0
2026-09-22 09:16:45,pod,fedroom-clients-5-l8nmp,120.0,200.0
2026-09-22 09:16:45,pod,fedroom-clients-6-np4hq,94.0,199.0
2026-09-22 09:16:45,pod,fedroom-clients-7-pm6sr,151.0,199.0
2026-09-22 09:16:45,pod,minio-669c7f68f7-czvtl,1.0,122.0
2026-09-22 09:16:45,pod,mlflow-86855856c4-qr2hp,11.0,2145.0
2026-09-22 09:16:48,node,fedroom-cluster-control-plane,86.0,1343.0
2026-09-22 09:16:48,node,fedroom-cluster-worker,535.0,4034.0
2026-09-22 09:16:48,node,fedroom-cluster-worker2,517.0,1699.0
2026-09-22 09:16:48,pod,coordinator-64984cccbc-qwjpv,5.0,184.0
2026-09-22 09:16:48,pod,fedroom-clients-0-nkh5d,169.0,203.0
2026-09-22 09:16:48,pod,fedroom-clients-1-xzfhn,107.0,200.0
2026-09-22 09:16:48,pod,fedroom-clients-2-dhz6c,214.0,203.0
2026-09-22 09:16:48,pod,fedroom-clients-3-754dh,175.0,200.0
2026-09-22 09:16:48,pod,fedroom-clients-4-x7vdz,92.0,199.0
2026-09-22 09:16:48,pod,fedroom-clients-5-l8nmp,120.0,200.0
2026-09-22 09:16:48,pod,fedroom-clients-6-np4hq,94.0,199.0
2026-09-22 09:16:48,pod,fedroom-clients-7-pm6sr,151.0,199.0
2026-09-22 09:16:48,pod,minio-669c7f68f7-czvtl,1.0,122.0
2026-09-22 09:16:48,pod,mlflow-86855856c4-qr2hp,11.0,2145.0
2026-09-22 09:16:51,node,fedroom-cluster-control-plane,81.0,1342.0
2026-09-22 09:16:51,node,fedroom-cluster-worker,61.0,4036.0
2026-09-22 09:16:51,node,fedroom-cluster-worker2,58.0,1701.0
2026-09-22 09:16:51,pod,coordinator-64984cccbc-qwjpv,3.0,184.0
2026-09-22 09:16:51,pod,fedroom-clients-0-nkh5d,4.0,203.0
2026-09-22 09:16:51,pod,fedroom-clients-1-xzfhn,107.0,200.0
2026-09-22 09:16:51,pod,fedroom-clients-2-dhz6c,6.0,203.0
2026-09-22 09:16:51,pod,fedroom-clients-3-754dh,4.0,200.0
2026-09-22 09:16:51,pod,fedroom-clients-4-x7vdz,5.0,199.0
2026-09-22 09:16:51,pod,fedroom-clients-5-l8nmp,11.0,200.0
2026-09-22 09:16:51,pod,fedroom-clients-6-np4hq,4.0,200.0
2026-09-22 09:16:51,pod,fedroom-clients-7-pm6sr,6.0,200.0
2026-09-22 09:16:51,pod,minio-669c7f68f7-czvtl,1.0,122.0
2026-09-22 09:16:51,pod,mlflow-86855856c4-qr2hp,11.0,2145.0
2026-09-22 09:16:54,node,fedroom-cluster-control-plane,81.0,1342.0
2026-09-22 09:16:54,node,fedroom-cluster-worker,61.0,4036.0
2026-09-22 09:16:54,node,fedroom-cluster-worker2,58.0,1701.0
2026-09-22 09:16:54,pod,coordinator-64984cccbc-qwjpv,3.0,184.0
2026-09-22 09:16:54,pod,fedroom-clients-0-nkh5d,4.0,203.0
2026-09-22 09:16:54,pod,fedroom-clients-1-xzfhn,107.0,200.0
2026-09-22 09:16:54,pod,fedroom-clients-2-dhz6c,6.0,203.0
2026-09-22 09:16:54,pod,fedroom-clients-3-754dh,4.0,200.0
2026-09-22 09:16:54,pod,fedroom-clients-4-x7vdz,5.0,199.0
2026-09-22 09:16:54,pod,fedroom-clients-5-l8nmp,11.0,200.0
2026-09-22 09:16:54,pod,fedroom-clients-6-np4hq,4.0,200.0
2026-09-22 09:16:54,pod,fedroom-clients-7-pm6sr,6.0,200.0
2026-09-22 09:16:54,pod,minio-669c7f68f7-czvtl,1.0,122.0
2026-09-22 09:16:54,pod,mlflow-86855856c4-qr2hp,11.0,2145.0
2026-09-22 09:16:57,node,fedroom-cluster-control-plane,81.0,1342.0
2026-09-22 09:16:57,node,fedroom-cluster-worker,61.0,4036.0
2026-09-22 09:16:57,node,fedroom-cluster-worker2,58.0,1701.0
2026-09-22 09:16:57,pod,coordinator-64984cccbc-qwjpv,3.0,184.0
2026-09-22 09:16:57,pod,fedroom-clients-0-nkh5d,4.0,203.0
2026-09-22 09:16:57,pod,fedroom-clients-1-xzfhn,107.0,200.0
2026-09-22 09:16:57,pod,fedroom-clients-2-dhz6c,6.0,203.0
2026-09-22 09:16:57,pod,fedroom-clients-3-754dh,4.0,200.0
2026-09-22 09:16:57,pod,fedroom-clients-4-x7vdz,5.0,199.0
2026-09-22 09:16:57,pod,fedroom-clients-5-l8nmp,11.0,200.0
2026-09-22 09:16:57,pod,fedroom-clients-6-np4hq,4.0,200.0
2026-09-22 09:16:57,pod,fedroom-clients-7-pm6sr,6.0,200.0
2026-09-22 09:16:57,pod,minio-669c7f68f7-czvtl,1.0,122.0
2026-09-22 09:16:57,pod,mlflow-86855856c4-qr2hp,11.0,2145.0
2026-09-22 09:17:00,node,fedroom-cluster-control-plane,81.0,1342.0
2026-09-22 09:17:00,node,fedroom-cluster-worker,61.0,4036.0
2026-09-22 09:17:00,node,fedroom-cluster-worker2,58.0,1701.0
2026-09-22 09:17:00,pod,coordinator-64984cccbc-qwjpv,3.0,184.0
2026-09-22 09:17:00,pod,fedroom-clients-0-nkh5d,4.0,203.0
2026-09-22 09:17:00,pod,fedroom-clients-1-xzfhn,107.0,200.0
2026-09-22 09:17:00,pod,fedroom-clients-2-dhz6c,6.0,203.0
2026-09-22 09:17:00,pod,fedroom-clients-3-754dh,4.0,200.0
2026-09-22 09:17:00,pod,fedroom-clients-4-x7vdz,5.0,199.0
2026-09-22 09:17:00,pod,fedroom-clients-5-l8nmp,11.0,200.0
2026-09-22 09:17:00,pod,fedroom-clients-6-np4hq,4.0,200.0
2026-09-22 09:17:00,pod,fedroom-clients-7-pm6sr,6.0,200.0
2026-09-22 09:17:00,pod,minio-669c7f68f7-czvtl,1.0,122.0
2026-09-22 09:17:00,pod,mlflow-86855856c4-qr2hp,11.0,2145.0
2026-09-22 09:17:03,node,fedroom-cluster-control-plane,81.0,1342.0
2026-09-22 09:17:03,node,fedroom-cluster-worker,61.0,4036.0
2026-09-22 09:17:03,node,fedroom-cluster-worker2,58.0,1701.0
2026-09-22 09:17:03,pod,coordinator-64984cccbc-qwjpv,3.0,184.0
2026-09-22 09:17:03,pod,fedroom-clients-0-nkh5d,4.0,203.0
2026-09-22 09:17:03,pod,fedroom-clients-1-xzfhn,107.0,200.0
2026-09-22 09:17:03,pod,fedroom-clients-2-dhz6c,6.0,203.0
2026-09-22 09:17:03,pod,fedroom-clients-3-754dh,4.0,200.0
2026-09-22 09:17:03,pod,fedroom-clients-4-x7vdz,5.0,199.0
2026-09-22 09:17:03,pod,fedroom-clients-5-l8nmp,11.0,200.0
2026-09-22 09:17:03,pod,fedroom-clients-6-np4hq,4.0,200.0
2026-09-22 09:17:03,pod,fedroom-clients-7-pm6sr,6.0,200.0
2026-09-22 09:17:03,pod,minio-669c7f68f7-czvtl,1.0,122.0
2026-09-22 09:17:03,pod,mlflow-86855856c4-qr2hp,11.0,2145.0
2026-09-22 09:17:06,node,fedroom-cluster-control-plane,83.0,1341.0
2026-09-22 09:17:06,node,fedroom-cluster-worker,85.0,3972.0
2026-09-22 09:17:06,node,fedroom-cluster-worker2,58.0,1637.0
2026-09-22 09:17:06,pod,coordinator-64984cccbc-qwjpv,3.0,184.0
2026-09-22 09:17:06,pod,fedroom-clients-0-nkh5d,8.0,203.0
2026-09-22 09:17:06,pod,fedroom-clients-1-xzfhn,5.0,200.0
2026-09-22 09:17:06,pod,fedroom-clients-2-dhz6c,7.0,204.0
2026-09-22 09:17:06,pod,fedroom-clients-3-754dh,10.0,200.0
2026-09-22 09:17:06,pod,fedroom-clients-4-x7vdz,6.0,200.0
2026-09-22 09:17:06,pod,fedroom-clients-5-l8nmp,7.0,200.0
2026-09-22 09:17:06,pod,fedroom-clients-6-np4hq,4.0,200.0
2026-09-22 09:17:06,pod,fedroom-clients-7-pm6sr,7.0,200.0
2026-09-22 09:17:06,pod,minio-669c7f68f7-czvtl,4.0,122.0
2026-09-22 09:17:06,pod,mlflow-86855856c4-qr2hp,11.0,2145.0
2026-09-22 09:17:09,node,fedroom-cluster-control-plane,83.0,1341.0
2026-09-22 09:17:09,node,fedroom-cluster-worker,85.0,3972.0
2026-09-22 09:17:09,node,fedroom-cluster-worker2,58.0,1637.0
2026-09-22 09:17:09,pod,coordinator-64984cccbc-qwjpv,3.0,184.0
2026-09-22 09:17:09,pod,fedroom-clients-0-nkh5d,8.0,203.0
2026-09-22 09:17:09,pod,fedroom-clients-1-xzfhn,5.0,200.0
2026-09-22 09:17:09,pod,fedroom-clients-2-dhz6c,7.0,204.0
2026-09-22 09:17:09,pod,fedroom-clients-3-754dh,10.0,200.0
2026-09-22 09:17:09,pod,fedroom-clients-4-x7vdz,6.0,200.0
2026-09-22 09:17:09,pod,fedroom-clients-5-l8nmp,7.0,200.0
2026-09-22 09:17:09,pod,fedroom-clients-6-np4hq,4.0,200.0
2026-09-22 09:17:09,pod,fedroom-clients-7-pm6sr,7.0,200.0
2026-09-22 09:17:09,pod,minio-669c7f68f7-czvtl,4.0,122.0
2026-09-22 09:17:09,pod,mlflow-86855856c4-qr2hp,11.0,2145.0
2026-09-22 09:17:12,node,fedroom-cluster-control-plane,83.0,1341.0
2026-09-22 09:17:12,node,fedroom-cluster-worker,85.0,3972.0
2026-09-22 09:17:12,node,fedroom-cluster-worker2,58.0,1637.0
2026-09-22 09:17:12,pod,coordinator-64984cccbc-qwjpv,3.0,184.0
2026-09-22 09:17:12,pod,fedroom-clients-0-nkh5d,8.0,203.0
2026-09-22 09:17:12,pod,fedroom-clients-1-xzfhn,5.0,200.0
2026-09-22 09:17:12,pod,fedroom-clients-2-dhz6c,7.0,204.0
2026-09-22 09:17:12,pod,fedroom-clients-3-754dh,10.0,200.0
2026-09-22 09:17:12,pod,fedroom-clients-4-x7vdz,6.0,200.0
2026-09-22 09:17:12,pod,fedroom-clients-5-l8nmp,7.0,200.0
2026-09-22 09:17:12,pod,fedroom-clients-6-np4hq,4.0,200.0
2026-09-22 09:17:12,pod,fedroom-clients-7-pm6sr,7.0,200.0
2026-09-22 09:17:12,pod,minio-669c7f68f7-czvtl,4.0,122.0
2026-09-22 09:17:12,pod,mlflow-86855856c4-qr2hp,11.0,2145.0
2026-09-22 09:17:16,node,fedroom-cluster-control-plane,83.0,1341.0
2026-09-22 09:17:16,node,fedroom-cluster-worker,85.0,3972.0
2026-09-22 09:17:16,node,fedroom-cluster-worker2,58.0,1637.0
2026-09-22 09:17:16,pod,coordinator-64984cccbc-qwjpv,3.0,184.0
2026-09-22 09:17:16,pod,fedroom-clients-0-nkh5d,8.0,203.0
2026-09-22 09:17:16,pod,fedroom-clients-1-xzfhn,5.0,200.0
2026-09-22 09:17:16,pod,fedroom-clients-2-dhz6c,7.0,204.0
2026-09-22 09:17:16,pod,fedroom-clients-3-754dh,10.0,200.0
2026-09-22 09:17:16,pod,fedroom-clients-4-x7vdz,6.0,200.0
2026-09-22 09:17:16,pod,fedroom-clients-5-l8nmp,7.0,200.0
2026-09-22 09:17:16,pod,fedroom-clients-6-np4hq,4.0,200.0
2026-09-22 09:17:16,pod,fedroom-clients-7-pm6sr,7.0,200.0
2026-09-22 09:17:16,pod,minio-669c7f68f7-czvtl,4.0,122.0
2026-09-22 09:17:16,pod,mlflow-86855856c4-qr2hp,11.0,2145.0
2026-09-22 09:17:19,node,fedroom-cluster-control-plane,83.0,1341.0
2026-09-22 09:17:19,node,fedroom-cluster-worker,85.0,3972.0
2026-09-22 09:17:19,node,fedroom-cluster-worker2,58.0,1637.0
2026-09-22 09:17:19,pod,coordinator-64984cccbc-qwjpv,3.0,184.0
2026-09-22 09:17:19,pod,fedroom-clients-0-nkh5d,8.0,203.0
2026-09-22 09:17:19,pod,fedroom-clients-1-xzfhn,5.0,200.0
2026-09-22 09:17:19,pod,fedroom-clients-2-dhz6c,7.0,204.0
2026-09-22 09:17:19,pod,fedroom-clients-3-754dh,10.0,200.0
2026-09-22 09:17:19,pod,fedroom-clients-4-x7vdz,6.0,200.0
2026-09-22 09:17:19,pod,fedroom-clients-5-l8nmp,7.0,200.0
2026-09-22 09:17:19,pod,fedroom-clients-6-np4hq,4.0,200.0
2026-09-22 09:17:19,pod,fedroom-clients-7-pm6sr,7.0,200.0
2026-09-22 09:17:19,pod,minio-669c7f68f7-czvtl,4.0,122.0
2026-09-22 09:17:19,pod,mlflow-86855856c4-qr2hp,11.0,2145.0
2026-09-22 09:17:22,node,fedroom-cluster-control-plane,82.0,1341.0
2026-09-22 09:17:22,node,fedroom-cluster-worker,79.0,3975.0
2026-09-22 09:17:22,node,fedroom-cluster-worker2,82.0,1663.0
2026-09-22 09:17:22,pod,coordinator-64984cccbc-qwjpv,3.0,184.0
2026-09-22 09:17:22,pod,fedroom-clients-0-nkh5d,8.0,203.0
2026-09-22 09:17:22,pod,fedroom-clients-1-xzfhn,5.0,200.0
2026-09-22 09:17:22,pod,fedroom-clients-2-dhz6c,6.0,203.0
2026-09-22 09:17:22,pod,fedroom-clients-3-754dh,10.0,200.0
2026-09-22 09:17:22,pod,fedroom-clients-4-x7vdz,6.0,200.0
2026-09-22 09:17:22,pod,fedroom-clients-5-l8nmp,30.0,235.0
2026-09-22 09:17:22,pod,fedroom-clients-6-np4hq,7.0,200.0
2026-09-22 09:17:22,pod,fedroom-clients-7-pm6sr,8.0,200.0
2026-09-22 09:17:22,pod,minio-669c7f68f7-czvtl,1.0,123.0
2026-09-22 09:17:22,pod,mlflow-86855856c4-qr2hp,11.0,2145.0
2026-09-22 09:17:25,node,fedroom-cluster-control-plane,82.0,1341.0
2026-09-22 09:17:25,node,fedroom-cluster-worker,79.0,3975.0
2026-09-22 09:17:25,node,fedroom-cluster-worker2,82.0,1663.0
2026-09-22 09:17:25,pod,coordinator-64984cccbc-qwjpv,3.0,184.0
2026-09-22 09:17:25,pod,fedroom-clients-0-nkh5d,8.0,203.0
2026-09-22 09:17:25,pod,fedroom-clients-1-xzfhn,5.0,200.0
2026-09-22 09:17:25,pod,fedroom-clients-2-dhz6c,6.0,203.0
2026-09-22 09:17:25,pod,fedroom-clients-3-754dh,10.0,200.0
2026-09-22 09:17:25,pod,fedroom-clients-4-x7vdz,6.0,200.0
2026-09-22 09:17:25,pod,fedroom-clients-5-l8nmp,30.0,235.0
2026-09-22 09:17:25,pod,fedroom-clients-6-np4hq,7.0,200.0
2026-09-22 09:17:25,pod,fedroom-clients-7-pm6sr,8.0,200.0
2026-09-22 09:17:25,pod,minio-669c7f68f7-czvtl,1.0,123.0
2026-09-22 09:17:25,pod,mlflow-86855856c4-qr2hp,11.0,2145.0
2026-09-22 09:17:28,node,fedroom-cluster-control-plane,82.0,1341.0
2026-09-22 09:17:28,node,fedroom-cluster-worker,79.0,3975.0
2026-09-22 09:17:28,node,fedroom-cluster-worker2,82.0,1663.0
2026-09-22 09:17:28,pod,coordinator-64984cccbc-qwjpv,3.0,184.0
2026-09-22 09:17:28,pod,fedroom-clients-0-nkh5d,8.0,203.0
2026-09-22 09:17:28,pod,fedroom-clients-1-xzfhn,5.0,200.0
2026-09-22 09:17:28,pod,fedroom-clients-2-dhz6c,6.0,203.0
2026-09-22 09:17:28,pod,fedroom-clients-3-754dh,10.0,200.0
2026-09-22 09:17:28,pod,fedroom-clients-4-x7vdz,6.0,200.0
2026-09-22 09:17:28,pod,fedroom-clients-5-l8nmp,30.0,235.0
2026-09-22 09:17:28,pod,fedroom-clients-6-np4hq,7.0,200.0
2026-09-22 09:17:28,pod,fedroom-clients-7-pm6sr,8.0,200.0
2026-09-22 09:17:28,pod,minio-669c7f68f7-czvtl,1.0,123.0
2026-09-22 09:17:28,pod,mlflow-86855856c4-qr2hp,11.0,2145.0
2026-09-22 09:17:31,node,fedroom-cluster-control-plane,82.0,1341.0
2026-09-22 09:17:31,node,fedroom-cluster-worker,79.0,3975.0
2026-09-22 09:17:31,node,fedroom-cluster-worker2,82.0,1663.0
2026-09-22 09:17:31,pod,coordinator-64984cccbc-qwjpv,3.0,184.0
2026-09-22 09:17:31,pod,fedroom-clients-0-nkh5d,8.0,203.0
2026-09-22 09:17:31,pod,fedroom-clients-1-xzfhn,5.0,200.0
2026-09-22 09:17:31,pod,fedroom-clients-2-dhz6c,6.0,203.0
2026-09-22 09:17:31,pod,fedroom-clients-3-754dh,10.0,200.0
2026-09-22 09:17:31,pod,fedroom-clients-4-x7vdz,6.0,200.0
2026-09-22 09:17:31,pod,fedroom-clients-5-l8nmp,30.0,235.0
2026-09-22 09:17:31,pod,fedroom-clients-6-np4hq,7.0,200.0
2026-09-22 09:17:31,pod,fedroom-clients-7-pm6sr,8.0,200.0
2026-09-22 09:17:31,pod,minio-669c7f68f7-czvtl,1.0,123.0
2026-09-22 09:17:31,pod,mlflow-86855856c4-qr2hp,11.0,2145.0
2026-09-22 09:17:34,node,fedroom-cluster-control-plane,88.0,1334.0
2026-09-22 09:17:34,node,fedroom-cluster-worker,146.0,4244.0
2026-09-22 09:17:34,node,fedroom-cluster-worker2,196.0,2318.0
2026-09-22 09:17:34,pod,coordinator-64984cccbc-qwjpv,5.0,184.0
2026-09-22 09:17:34,pod,fedroom-clients-0-nkh5d,30.0,230.0
2026-09-22 09:17:34,pod,fedroom-clients-1-xzfhn,6.0,200.0
2026-09-22 09:17:34,pod,fedroom-clients-2-dhz6c,79.0,428.0
2026-09-22 09:17:34,pod,fedroom-clients-3-754dh,22.0,227.0
2026-09-22 09:17:34,pod,fedroom-clients-4-x7vdz,28.0,227.0
2026-09-22 09:17:34,pod,fedroom-clients-5-l8nmp,61.0,422.0
2026-09-22 09:17:34,pod,fedroom-clients-6-np4hq,27.0,227.0
2026-09-22 09:17:34,pod,fedroom-clients-7-pm6sr,8.0,200.0
2026-09-22 09:17:34,pod,minio-669c7f68f7-czvtl,1.0,123.0
2026-09-22 09:17:34,pod,mlflow-86855856c4-qr2hp,11.0,2145.0
2026-09-22 09:17:37,node,fedroom-cluster-control-plane,88.0,1334.0
2026-09-22 09:17:37,node,fedroom-cluster-worker,146.0,4244.0
2026-09-22 09:17:37,node,fedroom-cluster-worker2,196.0,2318.0
2026-09-22 09:17:37,pod,coordinator-64984cccbc-qwjpv,5.0,184.0
2026-09-22 09:17:37,pod,fedroom-clients-0-nkh5d,30.0,230.0
2026-09-22 09:17:37,pod,fedroom-clients-1-xzfhn,6.0,200.0
2026-09-22 09:17:37,pod,fedroom-clients-2-dhz6c,79.0,428.0
2026-09-22 09:17:37,pod,fedroom-clients-3-754dh,22.0,227.0
2026-09-22 09:17:37,pod,fedroom-clients-4-x7vdz,28.0,227.0
2026-09-22 09:17:37,pod,fedroom-clients-5-l8nmp,61.0,422.0
2026-09-22 09:17:37,pod,fedroom-clients-6-np4hq,27.0,227.0
2026-09-22 09:17:37,pod,fedroom-clients-7-pm6sr,8.0,200.0
2026-09-22 09:17:37,pod,minio-669c7f68f7-czvtl,1.0,123.0
2026-09-22 09:17:37,pod,mlflow-86855856c4-qr2hp,11.0,2145.0
2026-09-22 09:17:40,node,fedroom-cluster-control-plane,88.0,1334.0
2026-09-22 09:17:40,node,fedroom-cluster-worker,146.0,4244.0
2026-09-22 09:17:40,node,fedroom-cluster-worker2,196.0,2318.0
2026-09-22 09:17:40,pod,coordinator-64984cccbc-qwjpv,5.0,184.0
2026-09-22 09:17:40,pod,fedroom-clients-0-nkh5d,30.0,230.0
2026-09-22 09:17:40,pod,fedroom-clients-1-xzfhn,6.0,200.0
2026-09-22 09:17:40,pod,fedroom-clients-2-dhz6c,79.0,428.0
2026-09-22 09:17:40,pod,fedroom-clients-3-754dh,22.0,227.0
2026-09-22 09:17:40,pod,fedroom-clients-4-x7vdz,28.0,227.0
2026-09-22 09:17:40,pod,fedroom-clients-5-l8nmp,61.0,422.0
2026-09-22 09:17:40,pod,fedroom-clients-6-np4hq,27.0,227.0
2026-09-22 09:17:40,pod,fedroom-clients-7-pm6sr,8.0,200.0
2026-09-22 09:17:40,pod,minio-669c7f68f7-czvtl,1.0,123.0
2026-09-22 09:17:40,pod,mlflow-86855856c4-qr2hp,11.0,2145.0
2026-09-22 09:17:44,node,fedroom-cluster-control-plane,88.0,1334.0
2026-09-22 09:17:44,node,fedroom-cluster-worker,146.0,4244.0
2026-09-22 09:17:44,node,fedroom-cluster-worker2,196.0,2318.0
2026-09-22 09:17:44,pod,coordinator-64984cccbc-qwjpv,5.0,184.0
2026-09-22 09:17:44,pod,fedroom-clients-0-nkh5d,30.0,230.0
2026-09-22 09:17:44,pod,fedroom-clients-1-xzfhn,6.0,200.0
2026-09-22 09:17:44,pod,fedroom-clients-2-dhz6c,79.0,428.0
2026-09-22 09:17:44,pod,fedroom-clients-3-754dh,22.0,227.0
2026-09-22 09:17:44,pod,fedroom-clients-4-x7vdz,28.0,227.0
2026-09-22 09:17:44,pod,fedroom-clients-5-l8nmp,61.0,422.0
2026-09-22 09:17:44,pod,fedroom-clients-6-np4hq,27.0,227.0
2026-09-22 09:17:44,pod,fedroom-clients-7-pm6sr,8.0,200.0
2026-09-22 09:17:44,pod,minio-669c7f68f7-czvtl,1.0,123.0
2026-09-22 09:17:44,pod,mlflow-86855856c4-qr2hp,11.0,2145.0
2026-09-22 09:17:47,node,fedroom-cluster-control-plane,88.0,1334.0
2026-09-22 09:17:47,node,fedroom-cluster-worker,146.0,4244.0
2026-09-22 09:17:47,node,fedroom-cluster-worker2,196.0,2318.0
2026-09-22 09:17:47,pod,coordinator-64984cccbc-qwjpv,5.0,184.0
2026-09-22 09:17:47,pod,fedroom-clients-0-nkh5d,30.0,230.0
2026-09-22 09:17:47,pod,fedroom-clients-1-xzfhn,6.0,200.0
2026-09-22 09:17:47,pod,fedroom-clients-2-dhz6c,79.0,428.0
2026-09-22 09:17:47,pod,fedroom-clients-3-754dh,22.0,227.0
2026-09-22 09:17:47,pod,fedroom-clients-4-x7vdz,28.0,227.0
2026-09-22 09:17:47,pod,fedroom-clients-5-l8nmp,61.0,422.0
2026-09-22 09:17:47,pod,fedroom-clients-6-np4hq,27.0,227.0
2026-09-22 09:17:47,pod,fedroom-clients-7-pm6sr,8.0,200.0
2026-09-22 09:17:47,pod,minio-669c7f68f7-czvtl,1.0,123.0
2026-09-22 09:17:47,pod,mlflow-86855856c4-qr2hp,11.0,2145.0
2026-09-22 09:17:50,node,fedroom-cluster-control-plane,86.0,1327.0
2026-09-22 09:17:50,node,fedroom-cluster-worker,303.0,4871.0
2026-09-22 09:17:50,node,fedroom-cluster-worker2,112.0,2509.0
2026-09-22 09:17:50,pod,coordinator-64984cccbc-qwjpv,5.0,184.0
2026-09-22 09:17:50,pod,fedroom-clients-0-nkh5d,40.0,426.0
2026-09-22 09:17:50,pod,fedroom-clients-1-xzfhn,102.0,424.0
2026-09-22 09:17:50,pod,fedroom-clients-2-dhz6c,1.0,428.0
2026-09-22 09:17:50,pod,fedroom-clients-3-754dh,36.0,426.0
2026-09-22 09:17:50,pod,fedroom-clients-4-x7vdz,28.0,227.0
2026-09-22 09:17:50,pod,fedroom-clients-5-l8nmp,1.0,421.0
2026-09-22 09:17:50,pod,fedroom-clients-6-np4hq,52.0,421.0
2026-09-22 09:17:50,pod,fedroom-clients-7-pm6sr,69.0,424.0
2026-09-22 09:17:50,pod,minio-669c7f68f7-czvtl,2.0,129.0
2026-09-22 09:17:50,pod,mlflow-86855856c4-qr2hp,11.0,2145.0
2026-09-22 09:17:53,node,fedroom-cluster-control-plane,86.0,1327.0
2026-09-22 09:17:53,node,fedroom-cluster-worker,303.0,4871.0
2026-09-22 09:17:53,node,fedroom-cluster-worker2,112.0,2509.0
2026-09-22 09:17:53,pod,coordinator-64984cccbc-qwjpv,5.0,184.0
2026-09-22 09:17:53,pod,fedroom-clients-0-nkh5d,40.0,426.0
2026-09-22 09:17:53,pod,fedroom-clients-1-xzfhn,102.0,424.0
2026-09-22 09:17:53,pod,fedroom-clients-2-dhz6c,1.0,428.0
2026-09-22 09:17:53,pod,fedroom-clients-3-754dh,36.0,426.0
2026-09-22 09:17:53,pod,fedroom-clients-4-x7vdz,28.0,227.0
2026-09-22 09:17:53,pod,fedroom-clients-5-l8nmp,1.0,421.0
2026-09-22 09:17:53,pod,fedroom-clients-6-np4hq,52.0,421.0
2026-09-22 09:17:53,pod,fedroom-clients-7-pm6sr,69.0,424.0
2026-09-22 09:17:53,pod,minio-669c7f68f7-czvtl,2.0,129.0
2026-09-22 09:17:53,pod,mlflow-86855856c4-qr2hp,11.0,2145.0
2026-09-22 09:17:56,node,fedroom-cluster-control-plane,86.0,1327.0
2026-09-22 09:17:56,node,fedroom-cluster-worker,303.0,4871.0
2026-09-22 09:17:56,node,fedroom-cluster-worker2,112.0,2509.0
2026-09-22 09:17:56,pod,coordinator-64984cccbc-qwjpv,5.0,184.0
2026-09-22 09:17:56,pod,fedroom-clients-0-nkh5d,40.0,426.0
2026-09-22 09:17:56,pod,fedroom-clients-1-xzfhn,102.0,424.0
2026-09-22 09:17:56,pod,fedroom-clients-2-dhz6c,1.0,428.0
2026-09-22 09:17:56,pod,fedroom-clients-3-754dh,36.0,426.0
2026-09-22 09:17:56,pod,fedroom-clients-4-x7vdz,28.0,227.0
2026-09-22 09:17:56,pod,fedroom-clients-5-l8nmp,1.0,421.0
2026-09-22 09:17:56,pod,fedroom-clients-6-np4hq,52.0,421.0
2026-09-22 09:17:56,pod,fedroom-clients-7-pm6sr,69.0,424.0
2026-09-22 09:17:56,pod,minio-669c7f68f7-czvtl,2.0,129.0
2026-09-22 09:17:56,pod,mlflow-86855856c4-qr2hp,11.0,2145.0
2026-09-22 09:17:59,node,fedroom-cluster-control-plane,86.0,1327.0
2026-09-22 09:17:59,node,fedroom-cluster-worker,303.0,4871.0
2026-09-22 09:17:59,node,fedroom-cluster-worker2,112.0,2509.0
2026-09-22 09:17:59,pod,coordinator-64984cccbc-qwjpv,5.0,184.0
2026-09-22 09:17:59,pod,fedroom-clients-0-nkh5d,40.0,426.0
2026-09-22 09:17:59,pod,fedroom-clients-1-xzfhn,102.0,424.0
2026-09-22 09:17:59,pod,fedroom-clients-2-dhz6c,1.0,428.0
2026-09-22 09:17:59,pod,fedroom-clients-3-754dh,36.0,426.0
2026-09-22 09:17:59,pod,fedroom-clients-4-x7vdz,28.0,227.0
2026-09-22 09:17:59,pod,fedroom-clients-5-l8nmp,1.0,421.0
2026-09-22 09:17:59,pod,fedroom-clients-6-np4hq,52.0,421.0
2026-09-22 09:17:59,pod,fedroom-clients-7-pm6sr,69.0,424.0
2026-09-22 09:17:59,pod,minio-669c7f68f7-czvtl,2.0,129.0
2026-09-22 09:17:59,pod,mlflow-86855856c4-qr2hp,11.0,2145.0
2026-09-22 09:18:02,node,fedroom-cluster-control-plane,86.0,1327.0
2026-09-22 09:18:02,node,fedroom-cluster-worker,303.0,4871.0
2026-09-22 09:18:02,node,fedroom-cluster-worker2,112.0,2509.0
2026-09-22 09:18:02,pod,coordinator-64984cccbc-qwjpv,5.0,184.0
2026-09-22 09:18:02,pod,fedroom-clients-0-nkh5d,40.0,426.0
2026-09-22 09:18:02,pod,fedroom-clients-1-xzfhn,102.0,424.0
2026-09-22 09:18:02,pod,fedroom-clients-2-dhz6c,1.0,428.0
2026-09-22 09:18:02,pod,fedroom-clients-3-754dh,36.0,426.0
2026-09-22 09:18:02,pod,fedroom-clients-4-x7vdz,28.0,227.0
2026-09-22 09:18:02,pod,fedroom-clients-5-l8nmp,1.0,421.0
2026-09-22 09:18:02,pod,fedroom-clients-6-np4hq,52.0,421.0
2026-09-22 09:18:02,pod,fedroom-clients-7-pm6sr,69.0,424.0
2026-09-22 09:18:02,pod,minio-669c7f68f7-czvtl,2.0,129.0
2026-09-22 09:18:02,pod,mlflow-86855856c4-qr2hp,11.0,2145.0
2026-09-22 09:18:05,node,fedroom-cluster-control-plane,82.0,1328.0
2026-09-22 09:18:05,node,fedroom-cluster-worker,62.0,4883.0
2026-09-22 09:18:05,node,fedroom-cluster-worker2,34.0,2520.0
2026-09-22 09:18:05,pod,coordinator-64984cccbc-qwjpv,9.0,185.0
2026-09-22 09:18:05,pod,fedroom-clients-0-nkh5d,5.0,429.0
2026-09-22 09:18:05,pod,fedroom-clients-1-xzfhn,5.0,427.0
2026-09-22 09:18:05,pod,fedroom-clients-2-dhz6c,5.0,431.0
2026-09-22 09:18:05,pod,fedroom-clients-3-754dh,4.0,429.0
2026-09-22 09:18:05,pod,fedroom-clients-4-x7vdz,37.0,427.0
2026-09-22 09:18:05,pod,fedroom-clients-5-l8nmp,7.0,424.0
2026-09-22 09:18:05,pod,fedroom-clients-6-np4hq,1.0,421.0
2026-09-22 09:18:05,pod,fedroom-clients-7-pm6sr,3.0,427.0
2026-09-22 09:18:05,pod,minio-669c7f68f7-czvtl,2.0,129.0
2026-09-22 09:18:05,pod,mlflow-86855856c4-qr2hp,11.0,2145.0
2026-09-22 09:18:08,node,fedroom-cluster-control-plane,82.0,1328.0
2026-09-22 09:18:08,node,fedroom-cluster-worker,62.0,4883.0
2026-09-22 09:18:08,node,fedroom-cluster-worker2,34.0,2520.0
2026-09-22 09:18:08,pod,coordinator-64984cccbc-qwjpv,9.0,185.0
2026-09-22 09:18:08,pod,fedroom-clients-0-nkh5d,5.0,429.0
2026-09-22 09:18:08,pod,fedroom-clients-1-xzfhn,5.0,427.0
2026-09-22 09:18:08,pod,fedroom-clients-2-dhz6c,5.0,431.0
2026-09-22 09:18:08,pod,fedroom-clients-3-754dh,4.0,429.0
2026-09-22 09:18:08,pod,fedroom-clients-4-x7vdz,37.0,427.0
2026-09-22 09:18:08,pod,fedroom-clients-5-l8nmp,7.0,424.0
2026-09-22 09:18:08,pod,fedroom-clients-6-np4hq,1.0,421.0
2026-09-22 09:18:08,pod,fedroom-clients-7-pm6sr,3.0,427.0
2026-09-22 09:18:08,pod,minio-669c7f68f7-czvtl,2.0,129.0
2026-09-22 09:18:08,pod,mlflow-86855856c4-qr2hp,11.0,2145.0
2026-09-22 09:18:11,node,fedroom-cluster-control-plane,82.0,1328.0
2026-09-22 09:18:11,node,fedroom-cluster-worker,62.0,4883.0
2026-09-22 09:18:11,node,fedroom-cluster-worker2,34.0,2520.0
2026-09-22 09:18:11,pod,coordinator-64984cccbc-qwjpv,9.0,185.0
2026-09-22 09:18:11,pod,fedroom-clients-0-nkh5d,5.0,429.0
2026-09-22 09:18:11,pod,fedroom-clients-1-xzfhn,5.0,427.0
2026-09-22 09:18:11,pod,fedroom-clients-2-dhz6c,5.0,431.0
2026-09-22 09:18:11,pod,fedroom-clients-3-754dh,4.0,429.0
2026-09-22 09:18:11,pod,fedroom-clients-4-x7vdz,37.0,427.0
2026-09-22 09:18:11,pod,fedroom-clients-5-l8nmp,7.0,424.0
2026-09-22 09:18:11,pod,fedroom-clients-6-np4hq,1.0,421.0
2026-09-22 09:18:11,pod,fedroom-clients-7-pm6sr,3.0,427.0
2026-09-22 09:18:11,pod,minio-669c7f68f7-czvtl,2.0,129.0
2026-09-22 09:18:11,pod,mlflow-86855856c4-qr2hp,11.0,2145.0
2026-09-22 09:18:15,node,fedroom-cluster-control-plane,82.0,1328.0
2026-09-22 09:18:15,node,fedroom-cluster-worker,62.0,4883.0
2026-09-22 09:18:15,node,fedroom-cluster-worker2,34.0,2520.0
2026-09-22 09:18:15,pod,coordinator-64984cccbc-qwjpv,9.0,185.0
2026-09-22 09:18:15,pod,fedroom-clients-0-nkh5d,5.0,429.0
2026-09-22 09:18:15,pod,fedroom-clients-1-xzfhn,5.0,427.0
2026-09-22 09:18:15,pod,fedroom-clients-2-dhz6c,5.0,431.0
2026-09-22 09:18:15,pod,fedroom-clients-3-754dh,4.0,429.0
2026-09-22 09:18:15,pod,fedroom-clients-4-x7vdz,37.0,427.0
2026-09-22 09:18:15,pod,fedroom-clients-5-l8nmp,7.0,424.0
2026-09-22 09:18:15,pod,fedroom-clients-6-np4hq,1.0,421.0
2026-09-22 09:18:15,pod,fedroom-clients-7-pm6sr,3.0,427.0
2026-09-22 09:18:15,pod,minio-669c7f68f7-czvtl,2.0,129.0
2026-09-22 09:18:15,pod,mlflow-86855856c4-qr2hp,11.0,2145.0
2026-09-22 09:18:18,node,fedroom-cluster-control-plane,82.0,1328.0
2026-09-22 09:18:18,node,fedroom-cluster-worker,62.0,4883.0
2026-09-22 09:18:18,node,fedroom-cluster-worker2,34.0,2520.0
2026-09-22 09:18:18,pod,coordinator-64984cccbc-qwjpv,9.0,185.0
2026-09-22 09:18:18,pod,fedroom-clients-0-nkh5d,5.0,429.0
2026-09-22 09:18:18,pod,fedroom-clients-1-xzfhn,5.0,427.0
2026-09-22 09:18:18,pod,fedroom-clients-2-dhz6c,5.0,431.0
2026-09-22 09:18:18,pod,fedroom-clients-4-x7vdz,37.0,427.0
2026-09-22 09:18:18,pod,fedroom-clients-5-l8nmp,7.0,424.0
2026-09-22 09:18:18,pod,fedroom-clients-6-np4hq,1.0,421.0
2026-09-22 09:18:18,pod,fedroom-clients-7-pm6sr,3.0,427.0
2026-09-22 09:18:18,pod,minio-669c7f68f7-czvtl,2.0,129.0
2026-09-22 09:18:18,pod,mlflow-86855856c4-qr2hp,11.0,2145.0
2026-09-22 09:18:21,node,fedroom-cluster-control-plane,82.0,1327.0
2026-09-22 09:18:21,node,fedroom-cluster-worker,44.0,4884.0
2026-09-22 09:18:21,node,fedroom-cluster-worker2,20.0,2521.0
2026-09-22 09:18:21,pod,coordinator-64984cccbc-qwjpv,13.0,185.0
2026-09-22 09:18:21,pod,minio-669c7f68f7-czvtl,1.0,129.0
2026-09-22 09:18:21,pod,mlflow-86855856c4-qr2hp,11.0,2145.0
2026-09-22 09:18:24,node,fedroom-cluster-control-plane,82.0,1327.0
2026-09-22 09:18:24,node,fedroom-cluster-worker,44.0,4884.0
2026-09-22 09:18:24,node,fedroom-cluster-worker2,20.0,2521.0
2026-09-22 09:18:24,pod,coordinator-64984cccbc-qwjpv,13.0,185.0
2026-09-22 09:18:24,pod,minio-669c7f68f7-czvtl,1.0,129.0
2026-09-22 09:18:24,pod,mlflow-86855856c4-qr2hp,11.0,2145.0
2026-09-22 09:18:27,node,fedroom-cluster-control-plane,82.0,1327.0
2026-09-22 09:18:27,node,fedroom-cluster-worker,44.0,4884.0
2026-09-22 09:18:27,node,fedroom-cluster-worker2,20.0,2521.0
2026-09-22 09:18:27,pod,coordinator-64984cccbc-qwjpv,13.0,185.0
2026-09-22 09:18:27,pod,minio-669c7f68f7-czvtl,1.0,129.0
2026-09-22 09:18:27,pod,mlflow-86855856c4-qr2hp,11.0,2145.0

Logging stopped.
